Riemenschneider,krn_title,krn_file,ms_file,dcml_file,bwv,BWV,D,B,CPE,R,Text,Text Author,Tune,Tune Composer,Zahn,Liturgical Occasion,Other Settings (BWV)
1,Aus meines Herzens Grunde,chor001.krn,001/short_score.mxl,,269,269,,1,1,1,Aus meines Herzens Grunde,"Niege, Georg",Aus meines Herzens Grunde,Anonymous,5269,Unknown,0
2,"Ich dank dir, lieber Herre",chor002.krn,002/short_score.mxl,,347,347,,2,2,2,"Ich dank dir, lieber Herre","Kolros, Johann","Ich dank dir, lieber Herre",Anonymous,5354b,Unknown,"2 (37.6, 348)"
3,Ach Gott vom Himmel sieh darein,chor003.krn,003/short_score.mxl,,153.1,153.1,,3,3,3,"Schau, lieber Gott, wie meine Feind (1)","Denicke, David","Ach Gott, vom Himmel sieh darein",Erfurt 1524*,4431,Sunday after New Year,"2 (2.6, 77.6)"
4,Es ist das Heil uns kommen her,chor004.krn,004/short_score.mxl,,86.6,86.6,,4,4,4,Es ist das Heil uns kommen her (11),"Speratus, Paul",Es ist das Heil uns kommen her,Nürnberg 1523*,4430,Rogate (5th Sunday after Easter),"4 (9.7, 117.4=117.9, 155.5, 251)"
5,An Wasserflüssen Babylon,chor005.krn,005/short_score.mxl,,267,267,144,5 =308,5,5 =309,An Wasserflüssen Babylon (for B308),"Dachstein, Wolfgang",An Wasserflüssen Babylon,"Greitter, Matthias",7663,Unknown,0
6,"Christus, der ist mein Leben",chor006.krn,006/short_score.mxl,,281,281,,7,7,6,"Christus, der ist mein Leben",Geneva 1609,"Christus, der ist mein Leben","Vulpius, Melchior",132,Unknown,1 (282)
7,"Nun lob, mein Seel, den Herren",chor007.krn,007/short_score.mxl,,17.7,17.7,,6,6,7,"Nun lob, mein Seel, den Herren (3)","Gramann, Johann","Nun lob, mein Seel, den Herren","Kugelmann, Hans*",8244,14th Sunday after Trinity,"4 (29.8, 167.5, 389, 390)"
8,"Freuet euch, ihr Christen alle",chor008.krn,008/short_score.mxl,,40.8,40.8,,8,8,8,"Freuet euch, ihr Christen alle (4)","Keymann, Christian","Freuet euch, ihr Christian alle","Hammerschmidt, Andreas",7880a,2nd Day of Christmas,0
9,"Ermuntre dich, mein schwacher Geist",chor009.krn,009/short_score.mxl,,248.12,248.12,119 =134,9 =360,9,9 =361,"Ermuntre dich, mein schwacher Geist (9)","Rist, Johann","Ermuntre dich, mein schwacher Geist","Schop, Johann",5741,6. 2nd Day of Christmas,"2 (11.6, 43.11)"
10,Aus tiefer Not schrei ich zu dir,chor010.krn,010/short_score.mxl,,38.6,38.6,94,10,10,10,Aus tiefer Not schrei ich zu dir (5),"Luther, Martin",Aus tiefer Not schrei ich zu dir (melody #1),"Luther, Martin",4437,21st Sunday after Trinity,0
11,"Jesu, nun sei gepreiset",chor011.krn,011/short_score.mxl,,41.6,41.6,131,11,11,11,"Jesu, nun sei gepreiset (3)","Herman, Johannes","Jesu, nun sei gepreiset",Wittenberg 1591,8477a,New Year’s Day,"3 (171.6, 190.7, 362)"
12,Puer natus in Bethlehem,chor012.krn,012/short_score.mxl,,65.2,65.2,,12,12,12,Ein Kind geborn zu Bethlehem (4),"Spangenberg, Cyriakus",Ein Kind geborn zu Bethlehem (Puer natus in Bethlehem),"Lossius, Lucas*",192b,Feast of Epiphany,0
13,"Allein zu dir, Herr Jesu Christ",chor013.krn,013/short_score.mxl,,33.6,33.6,80,13,13,13,"Allein zu dir, Herr Jesu Christ (4)","Hubert, Konrad","Allein zu dir, Herr Jesu Christ",Wittenberg c.1541,7292b,13th Sunday after Trinity,1 (261)
14,"O Herre Gott, dein göttlich Wort",chor014.krn,014/short_score.mxl,,184.5,184.5,15,14,14,14,"O Herre Gott, dein göttlich Wort (8)","Wildenfels, Anarg von","O Herre Gott, dein göttlich Wort",Erfurt 1527*,5690,Whit Tuesday,0
15,Christ lag in Todesbanden,chor015.krn,015/short_score.mxl,,277,277,,15,15,15,Christ lag in Todesbanden,"Luther, Martin",Christ lag in Todesbanden,"Luther, Martin*",7012a,Unknown,"4 (4.8, 158.4, 278, 279)"
16,Es woll' uns Gott genädig sein,chor016.krn,016/short_score.mxl,,311,311,,16,16,16,Es woll uns Gott genädig sein,"Luther, Martin",Es woll uns Gott genädig sein,"Greitter, Matthias",7247,Unknown,"3 (69.6, 76.7=76.14, 312)"
17,Erschienen ist der herrliche Tag,chor017.krn,017/short_score.mxl,,145.5,145.5,,17,17,17,Erschienen ist der herrlich Tag (14),"Herman, Nikolaus",Erschienen ist der herrlich Tag,"Herman, Nikolaus",1743,Easter Tuesday,1 (67.4)
18,Gottes Sohn ist kommen,chor018.krn,018/short_score.mxl,,318,318,,18,18,18,Gottes Sohn ist kommen,"Horn, Johann",Menschenkind merk eben,Bohemian Brethren 1501/1531*,3294,Unknown,0
19,Ich hab mein Sach Gott heimgestellt,chor019.krn,019/short_score.mxl,,351,351,,19,19,19,Ich hab mein Sach Gott heimgestellt,"Leon, Johann",Ich hab mein Sach Gott heimgestellt,Frankfurt/Main 1589*,1678,Unknown,0
20,Ein feste Burg ist unser Gott,chor020.krn,020/short_score.mxl,,302,302,64,20,20,20,Ein feste Burg ist unser Gott,"Luther, Martin",Ein feste Burg ist unser Gott,"Luther, Martin",7377,Unknown,"2 (80.8, 303)"
21,Herzlich tut mich verlangen,chor021.krn,021/short_score.mxl,,153.5,153.5,,21,21,21,Befiehl du deine Wege (5),"Gerhardt, Paul",Befiehl du deine Wege (melody #1),"Hassler, Hans Leo",5385a,Sunday after New Year,"11 (135.6, 161.6, 244.15, 244.17, 244.44, 244.54, 244.62, 248.5, 248.64, 270, 271)"
22,"Schmücke dich, o liebe Seele",chor022.krn,022/short_score.mxl,,180.7,180.7,25,22,22,22,"Schmücke dich, o liebe Seele (9)","Franck, Johann","Schmücke dich, o liebe Seele","Crüger, Johann",6923,20th Sunday after Trinity,0
23,Zeuch ein zu deinen Toren,chor023.krn,023/short_score.mxl,,28.6,28.6,8,23 =88,23,23 =88,Helft mir Gotts Güte preisen (6),"Eber, Paul",Helft mir Gotts Güte preisen,Anonymous,5267,1st Sunday after Christmas,"2 (16.6, 183.5)"
24,Valet will ich dir geben,chor024.krn,024/short_score.mxl,,415,415,,24,24,24,Valet will ich dir geben,"Herberger, Valerius",Valet will ich dir geben,"Teschner, Melchior",5404a,Unknown,1 (245.26)
25,Wo soll ich fliehen hin,chor025.krn,025/short_score.mxl,,148.6,148.6,,25,25,25,Auf meinen lieben Gott (5?),Lübeck before 1603,Wo soll ich fliehen hin,"Gesius, Bartholomäus*",2164,17th Sunday after Trinity,"4 (5.7, 89.6, 136.6, 188.6)"
26,"O Ewigkeit, du Donnerwort",chor026.krn,026/short_score.mxl,,20.7,20.7=20.11,,26,26,26,"O Ewigkeit, du Donnerwort (11)","Rist, Johann","O Ewigkeit, du Donnerwort","Crüger, Johann*",5820,1st Sunday after Trinity,1 (397)
27,Es spricht der Unweisen Mund,chor027.krn,027/short_score.mxl,,308,308,,27,27,27,Es spricht der Unweisen Mund wohl,"Luther, Martin",Es spricht der Unweisen Mund wohl,"Walter, Johann",4436,Unknown,0
28,"Nun komm, der Heiden Heiland",chor028.krn,028/short_score.mxl,,36.8,36.8,,28,28,28,"Nun komm, der Heiden Heiland (8)","Luther, Martin","Nun komm, der Heiden Heiland",Erfurt 1524*,1174,1st Sunday in Advent,1 (62.6)
29,"Freu dich sehr, o meine Seele",chor029.krn,029/short_score.mxl,,32.6,32.6,,29,29,29,"Weg, mein Herz, mit den Gedanken (12)","Gerhardt, Paul","Freu dich sehr, o meine Seele",Geneva 1551*,6543,1st Sunday after Epiphany,"6 (19.7, 25.6, 30.6, 39.7, 70.7, 194.6)"
30,"Jesus Christus, unser Heiland",chor030.krn,030/short_score.mxl,,363,363,,30,30,30,"Jesus Christus, unser Heiland, der von uns","Luther, Martin","Jesus Christus, unser Heiland, der von uns",Hohenfurt 1410,1576,Unknown,0
31,"Ach lieben Christen, seid getrost",chor031.krn,031/short_score.mxl,,256,256,,31,31,31,"Ach, lieben Christen, seid getrost","Gigas, Johann",Wo Gott der Herr nicht bei uns hält,Wittenberg 1529,4441a,Unknown,"4 (114.7, 178.7, 257, 258)"
32,Nun danket alle Gott,chor032.krn,032/short_score.mxl,,386,386,149,32,32,32,Nun danket alle Gott,"Rinckart, Martin",Nun danket alle Gott,"Crüger, Johann",5142,Unknown,"2 (79.3, 252)"
33,"Herr, ich habe mißgehandelt",chor033.krn,033/short_score.mxl,,330,330,,35,35,33,"Herr, ich habe missgehandelt","Franck, Johann","Herr, ich habe missgehandelt","Crüger, Johann",3695,Unknown,1 (331)
34,"Erbarm dich mein, o Herre Gott",chor034.krn,034/short_score.mxl,,305,305,,33,33,34,"Erbarm dich mein, o Herre Gott","Hegenwalt, Erhart","Erbarm dich mein, o Herre Gott",Wittenberg 1524,5851,Unknown,0
35,Gott des Himmels und der Erden,chor035.krn,035/short_score.mxl,,248.53,248.53,147,34,34,35,"Ihr Gestirn, ihr hohlen Lüfte (9)","Franck, Johann",Gott des Himmels und der Erden,"Albert, Heinrich",3614,Sunday after New Year,0
36,Nun bitten wir den heiligen Geist,chor036.krn,036/short_score.mxl,,385,385,109,36,36,36,Nun bitten wir den Heiligen Geist,"Luther, Martin",Nun bitten wir den Heiligen Geist,Wittenberg 1524*,2029,Unknown,"2 (169.7, 197.5)"
37,"Jesu, der du meine Seele",chor037.krn,037/short_score.mxl,,352,352,,37,37,37,"Jesu, der du meine Seele","Rist, Johann","Jesu, der du meine Seele",Frankfurt 1662*,6804,Unknown,"4 (78.7, 105.6, 353, 354)"
38,Straf mich nicht in deinem Zorn,chor038.krn,038/short_score.mxl,,115.6,115.6,27,38,38,38,"Mache dich, mein Geist, bereit (10)","Freystein, Johann Burchard",Straf mich nicht in deinem Zorn,Dresden 1694*,6274a,22nd Sunday after Trinity,0
39,"Ach, was soll ich Sünder machen?",chor039.krn,039/short_score.mxl,,259,259,,39,39,39,"Ach, was soll ich Sünder machen","Flittner, Johann","Ach, was soll ich Sünder machen",Anonymous,3573b,Unknown,0
40,Ach Gott und Herr,chor040.krn,040/short_score.mxl,,255,255,,40,40,40,Ach Gott und Herr,"Rutilius, Martin",Ach Gott und Herr,Freiberg 1655*,2051,Unknown,1 (48.3)
41,"Was mein Gott will, das g'scheh allzeit",chor041.krn,041/short_score.mxl,,65.7,65.7,,41,41,41,Ich hab in Gottes Herz und Sinn (10),"Gerhardt, Paul","Was mein Gott will, das gscheh allzeit",Antwerp 1540*,7568,Feast of Epiphany,"6 (72.6, 92.9, 103.6, 111.6, 144.6, 244.25)"
42,"Du Friedefürst, Herr Jesu Christ",chor042.krn,042/short_score.mxl,,67.7,67.7,4,42,42,42,"Du Friedefürst, Herr Jesu Christ (1)","Ebert, Jakob","Du Du Friedefürst, Herr Jesu Christ",Bartolomäus Gesius,4373,Quasimodogeniti,1 (116.6)
43,"Liebester Gott, wann werd ich sterben",chor043.krn,043/short_score.mxl,,8.6,8.6,88=148,43,43,43,"Liebster Gott, wenn werd ich sterben (5)","Neumann, Kaspar","Liebster Gott, wenn werd ich sterben","Vetter, Daniel",6634,16th Sunday after Trinity,0
44,"Mach's mit mir, Gott, nach deiner Güt",chor044.krn,044/short_score.mxl,,377,377,,44,44,44,"Machs mit mir, Gott, nach deiner Güt","Schein, Johann Hermann","Machs mit mir, Gott, nach deiner Güt","Schein, Johann Hermann",2383,Unknown,"2 (139.6, 245.22)"
45,"Kommt her zu mir, spricht",chor045.krn,045/short_score.mxl,,108.6,108.6,98,46,46,45,"Gott Vater, sende deinen Geist (10)","Gerhardt, Paul","Kommt her zu mir, spricht Gottes Sohn",Nürnberg 1534*,2496c,Cantate (4th Sunday after Easter),1 (74.8)
46,"Vom Himmel hoch, da komm ich her",chor046.krn,046/short_score.mxl,,248.9,248.09,,45,45,46,Vom Himmel hoch da komm ich her (13),"Luther, Martin",Vom Himmel hoch da komm ich her,"Luther, Martin",346,Christmas Day,"2 (248.17, 248.23)"
47,Vater unser im Himmelreich,chor047.krn,047/short_score.mxl,,416,416,137,47,47,47,Vater unser im Himmelreich,"Luther, Martin",Vater unser im Himmelreich,Leipzig 1539,3561,Unknown,"4 (90.5, 101.7, 102.7, 245.5)"
48,"Ach wie flüchtig, ach wie nichtig",chor048.krn,048/short_score.mxl,,26.6,26.6,,48,48,48,"Ach wie flüchtig, ach wie nichtig (8)","Franck, Michael","Ach wie flüchtig, ach wie nichtig","Crüger, Johann*",1887,24th Sunday after Trinity,0
49,Mit Fried und Freud ich fahr dahin,chor049.krn,049/short_score.mxl,,382,382,51,49,49,49,Mit Fried und Freud ich fahr dahin,"Luther, Martin",Mit Fried und Freud ich fahr dahin,Wittenberg 1524,3986,Unknown,"2 (83.5, 125.6)"
50,In allen meinen Taten,chor050.krn,050/short_score.mxl,,244.37,244.37,,50,50,50,"O Welt, sieh hier dein Leben (3)","Gerhardt, Paul","O Welt, ich muss dich lassen",Anonymous,2293b,Good Friday,"9 (13.6, 44.7, 97.9, 244.10, 245.11, 392, 393, 394, 395)"
51,"Gelobet seist du, Jesu Christ",chor051.krn,051/short_score.mxl,,91.6,91.6,130,53,53,51,"Gelobet seist du, Jesu Christ (7)","Luther, Martin","Gelobet seist du, Jesu Christ",Wittenberg 1524*,1947,Christmas Day,"3 (64.2, 248.28, 314)"
52,Wenn mein Stündlein vorhanden ist,chor052.krn,052/short_score.mxl,,429,429,132,51,51,52,Wenn mein Stündlein vorhanden ist,"Herman, Nikolaus",Wenn mein Stündlein vorhanden ist,Frankfurt/Main 1569,4482ab,Unknown,"4 (31.9, 95.7, 428, 430)"
53,Das neugeborne Kindelein,chor053.krn,053/short_score.mxl,,122.6,122.6,55,52 =178,52,53 =178,Das neugeborne Kindelein (4),"Schneegaß, Cyriakus",Das neugeborne Kindelein,"Vulpius, Melchior",491,1st Sunday after Christmas,0
54,"Lobt Gott, ihr Christen allzugleich",chor054.krn,054/short_score.mxl,,151.5,151.5,,54,54,54,"Lobt Gott, ihr Christen, allzugleich (8)","Herman, Nikolaus","Kommt her, ihr lieben Schwesterlein","Herman, Nikolaus*",198,3rd Day of Christmas,"3 (195.6, 375, 376)"
55,Wir Christenleut,chor055.krn,055/short_score.mxl,,110.7,110.7,,57,57,55,Wir Christenleut habn jetzund Freud (5),"Füger, Kaspar",Wir Christenleut habn jetzund Freud,"Füger, Kaspar",2072,Christmas Day,"2 (40.3, 248.35)"
56,Christum wir sollen loben schon,chor056.krn,056/short_score.mxl,,121.6,121.6,,55,55,56,Christum wir sollen loben schon (8),"Luther, Martin",Christum wir sollen loben schon,Straßburg 1537,297,6. 2nd Day of Christmas,0
57,"O Traurigkeit, o Herzeleid",chor057.krn,057/short_score.mxl,,404,404,,60,60,57,"O Traurigkeit, o Herzeleid!","Spee, Friedrich von","O Traurigkeit, o Herzeleid!",Mainz/Würzburg 1628,1915,Unknown,0
58,"Herzlich lieb hab ich dich, o Herr",chor058.krn,058/short_score.mxl,,174.5,174.5,111,56,56,58,"Herzlich lieb hab ich dich, o Herr (1)","Schalling, Martin","Herzlich lieb hab ich dich, o Herr",Straßburg 1577,8326,Whit Monday,"3 (149.7, 245.40, 340)"
59,"Herzliebster Jesu, was hast du verbrochen",chor059.krn,059/short_score.mxl,,245.3,245.03,136,58,58,59,"Herzliebster Jesu, was hast du verbrochen (7)","Heermann, Johann","Herzliebster Jesu, was hast du verbrochen","Crüger, Johann",983,Good Friday,"3 (244.3, 244.46, 245.17)"
60,Ich freue mich in dir,chor060.krn,060/short_score.mxl,,133.6,133.6,56,61,61,60,Ich freue mich in dir (4),"Ziegler, Kaspar","O Gott, du frommer Gott (melody #4)",Anonymous,5187,3rd Day of Christmas,0
61,"Jesu Leiden, Pein und Tod",chor061.krn,061/short_score.mxl,,159.5,159.5,52,59,59,61,"Jesu Leiden, Pein und Tod (33)","Stockmann, Paul","Jesu Kreuz, Leiden und Pein","Vulpius, Melchior",6288b,Quinquagesima,"2 (245.14, 245.28)"
62,Wer nur den lieben Gott läßt walten,chor062.krn,062/short_score.mxl,,197.10,197.10,,66,66,62,Wer nur den lieben Gott lässt walten (7),"Neumark, Georg",Wer nur den lieben Gott lässt walten,"Neumark, Georg",2778,Wedding,"6 (84.5, 88.7, 93.7, 166.6, 179.6, 434)"
63,Nun ruhen alle Wälder,chor063.krn,063/short_score.mxl,,245.11,245.11,138,62,62,63,"O Welt, sieh hier dein Leben (3,4)","Gerhardt, Paul","O Welt, ich muss dich lassen",Anonymous,2293b,Good Friday,"9 (13.6, 44.7, 97.9, 244.10, 244.37, 392, 393, 394, 395)"
64,"Freu dich sehr, o meine Seele",chor064.krn,064/short_score.mxl,,194.6,194.06,18,63 =256,63,64 =256,"Treuer Gott, ich muss dir klagen (6)","Heermann, Johann","Freu dich sehr, o meine Seele",Geneva 1551*,6543,Dedication of Church and Organ,"6 (19.7, 25.6, 30.6, 32.6, 39.7, 70.7)"
65,"Was Gott tut, das ist wohlgetan",chor065.krn,065/short_score.mxl,,144.3,144.3,43,64,64,65,"Was Gott tut, das ist wohlgetan (1)","Rodigast, Samuel","Was Gott tut, das ist wohlgetan","Gastorius, Severus",5629,Septuagesima,"6 (12.7, 69a.6, 75.7=75.14, 99.6, 100.6, 250)"
66,"Christ, unser Herr zum Jordan kam",chor066.krn,066/short_score.mxl,,280,280,,65,65,66,Christ unser Herr zum Jordan kam,"Luther, Martin",Christ unser Herr zum Jordan kam,"Walter, Johann?",7246,Unknown,"2 (7.7, 176.6)"
67,"Freu dich sehr, o meine Seele",chor067.krn,067/short_score.mxl,,39.7,39.7,116,67,67,67,"Kommt, lasst euch den Herren lehren (6)","Denicke, David","Freu dich sehr, o meine Seele",Geneva 1551*,6543,1st Sunday after Trinity,"6 (19.7, 25.6, 30.6, 32.6, 70.7, 194.6)"
68,Wenn wir in höchsten Nöten sein,chor068.krn,068/short_score.mxl,,431,431,,68,68,68,Wenn wir in höchsten Nöten sein,"Eber, Paul",Wenn wir in höchsten Nöten sein,"Franc, Guillaume*",394,Unknown,1 (432)
69,"Komm, heiliger Geist, Herre Gott",chor069.krn,069/short_score.mxl,,226.2,226.2,16,69,69,69,"Komm, Heiliger Geist, Herre Gott (3)","Luther, Martin","Komm, Heiliger Geist, Herre Gott",Erfurt 1524,7445a,Funeral,"2 (59.3, 175.7)"
70,Gott sei gelobet und gebenedeiet,chor070.krn,070/short_score.mxl,,322,322,,70,70,70,Gott sei gelobet und gebenedeiet,Medingen c.1350,Gott sei gelobet und gebenedeiet,Wittenberg 1524*,8078,Unknown,0
71,"Ich ruf zu dir, Herr Jesu Christ",chor071.krn,071/short_score.mxl,,177.5,177.5,67,71,71,71,"Ich ruf zu dir, Herr Jesu Christ (5)","Agricola, Johann","Ich ruf zu dir, Herr Jesu Christ",Wittenberg 1529,7400,4th Sunday after Trinity,"2 (185.6, 1124)"
72,"Erhalt uns, Herr, bei deinem Wort",chor072.krn,072/short_score.mxl,,6.6,6.6,,72,72,72,"Erhalt uns, Herr, bei deinem Wort (2)","Luther, Martin","Erhalt uns, Herr, bei deinem Wort","Luther, Martin*",350,Easter Monday,0
73,"Herr Jesu Christ, ich schrei zu dir",chor073.krn,073/short_score.mxl,,334,334,54,73,73,73,"Herr Jesu Christ, du höchstes Gut","Ringwaldt, Bartholomäus","Herr Jesu Christ, du höchstes Gut",Görlitz 1587*,4486,Unknown,"4 (48.7, 113.1, 113.8, 168.6)"
74,O Haupt voll Blut und Wunden,chor074.krn,074/short_score.mxl,,244.54,244.54,,74,74,74,"O Haupt voll Blut und Wunden (1,2)","Gerhardt, Paul",Befiehl du deine Wege (melody #1),"Hassler, Hans Leo",5385a,Good Friday,"11 (135.6, 153.5, 161.6, 244.15, 244.17, 244.44, 244.62, 248.5, 248.64, 270, 271)"
75,Das walt mein Gott,chor075.krn,075/short_score.mxl,,291,291,,75,75,75,"Das walt mein Gott, Vater, Sohn und heiliger Geist","Förtsch, Basilius","Das walt mein Gott, Vater, Sohn und heiliger Geist",Gotha 1648,4217,Unknown,0
76,"Freu dich sehr, o meine Seele",chor076.krn,076/short_score.mxl,,30.6,30.6,,76,76,76,"Tröstet, tröstet meine Lieben (3)","Olearius, Johann","Freu dich sehr, o meine Seele",Geneva 1551*,6543,Feast of John the Baptist,"6 (19.7, 25.6, 32.6, 39.7, 70.7, 194.6)"
77,"In dich hab ich gehoffet, Herr",chor077.krn,077/short_score.mxl,,248.46,248.46,126,77,77,77,"Nun, liebe Seel, nun ist es Zeit (5)","Weissel, Georg","In dich hab ich gehoffet, Herr",Nürnberg 1581,2461,Sunday after New Year,"2 (52.6, 244.32)"
78,"Herzliebester Jesu, was hast du verbrochen",chor078.krn,078/short_score.mxl,,244.3,244.03,,78,78,78,"Herzliebster Jesu, was hast du verbrochen (1)","Heermann, Johann","Herzliebster Jesu, was hast du verbrochen","Crüger, Johann",983,Good Friday,"3 (244.46, 245.3, 245.17)"
79,Heut triumphieret Gottes Sohn,chor079.krn,079/short_score.mxl,,342,342,,79,79,79,Heut triumphieret Gottes Sohn,"Stolzhagen, Kaspar",Heut triumphieret Gottes Sohn,"Gesius, Bartholomäus",2585,Unknown,0
80,O Haupt voll Blut und Wunden,chor080.krn,080/short_score.mxl,,244.44,244.44,,87,87,80,Befiehl du deine Wege (1),"Gerhardt, Paul",Befiehl du deine Wege (melody #1),"Hassler, Hans Leo",5385a,Good Friday,"11 (135.6, 153.5, 161.6, 244.15, 244.17, 244.54, 244.62, 248.5, 248.64, 270, 271)"
81,"Christus, der uns delig macht",chor081.krn,081/short_score.mxl,,245.15,245.15,,80,80,81,"Christus, der uns selig macht (1)","Weisse, Michael","Christus, der uns selig macht",Leipzig c.1500,6285,Good Friday,"3 (245.37, 283, 1084)"
82,O großer Gott von Macht,chor082.krn,082/short_score.mxl,,46.6,46.6,,81,81,82,O großer Gott von Macht (9),"Meyfart, Matthäus",O großer Gott von Macht,"Schnurr, Balthasar",5101a,10th Sunday after Trinity,0
83,"Jesu Leiden, Pein und Tod",chor083.krn,083/short_score.mxl,,245.14,245.14,,82,82,83,"Jesu Leiden, Pein und Tod (10)","Stockmann, Paul","Jesu Kreuz, Leiden und Pein","Vulpius, Melchior",6288b,Good Friday,"2 (159.5, 245.28)"
84,Nun bitten wir den heiligen Geist,chor084.krn,084/short_score.mxl,,197.5,197.05,,83,83,84,Nun bitten wir den Heiligen Geist (3),"Luther, Martin",Nun bitten wir den Heiligen Geist,Wittenberg 1524*,2029,Wedding,"2 (169.7, 385)"
85,"O Gott, du frommer Gott",chor085.krn,085/short_score.mxl,,45.7,45.7,,84,84,85,"O Gott, du frommer Gott (2)","Heermann, Johann","O Gott, du frommer Gott (melody #3)","Fritsch, Ahasverus*",5206b,8th Sunday after Trinity,"7 (64.4, 94.8, 128.5, 129.5, 197a.7, 398, 1125)"
86,Wie schön leuchtet der Morgenstern,chor086.krn,086/short_score.mxl,,36.4,36.4,33,85 =195 =304,85,86 =195 =305,Wie schön leuchtet der Morgenstern (6),"Nicolai, Philipp",Wie schön leuchtet der Morgenstern,"Nicolai, Philipp",8359,1st Sunday in Advent,"3 (1.6, 172.6, 436)"
87,"Du, o schönes Weltgebäude",chor087.krn,087/short_score.mxl,,56.5,56.5,,86,86,87,"Du, o schönes Weltgebäude (6)","Franck, Johann",Du geballtes Weltgebäude,"Crüger, Johann",6773,19th Sunday after Trinity,1 (301)
88,Helft mir Gotts Güte preisen,chor088.krn,088/short_score.mxl,,28.6,(28.6),(8),88 =23,88,88 =23,Helft mir Gotts Güte preisen (6),"Eber, Paul",Helft mir Gotts Güte preisen,Anonymous,5267,1st Sunday after Christmas,"2 (16.6, 183.5)"
89,O Haupt voll Blut und Wunden,chor089.krn,089/short_score.mxl,,244.62,244.62,,89,89,89,O Haupt voll Blut und Wunden (9),"Gerhardt, Paul",Befiehl du deine Wege (melody #1),"Hassler, Hans Leo",5385a,Good Friday,"11 (135.6, 153.5, 161.6, 244.15, 244.17, 244.44, 244.54, 248.5, 248.64, 270, 271)"
90,"Hast du denn, Jesu, dein Angesicht",chor090.krn,090/short_score.mxl,,57.8,57.8,,90,90,90,"Hast du denn, Jesu, dein Angesicht gänzlich verborgen (6)","Fritsch, Ahasverus","Hast du denn, Jesu, dein Angesicht gänzlich verborgen",Stralsund 1665,1912a,2nd Day of Christmas,"2 (120a.8, 137.5)"
91,Verleih uns Frieden gnädiglich,chor091.krn,091/short_score.mxl,,42.7,42.7,20,91 =259,91,91 =259,Verleih uns Frieden gnädiglich,"Luther, Martin",Verleih uns Frieden gnädiglich,Wittenberg 1529*,1945,Quasimodigeniti (1st Sunday after Easter),1 (126.6)
92,"Herr Jesu Christ, du höchstes Gut",chor092.krn,092/short_score.mxl,,168.6,168.6,,92,92,92,"Herr Jesu Christ, du höchstes Gut (8)","Ringwaldt, Bartholomäus","Herr Jesu Christ, du höchstes Gut",Görlitz 1587*,4486,9th Sunday after Trinity,"4 (48.7, 113.1, 113.8, 334)"
93,"Wach auf, mein Herz",chor093.krn,093/short_score.mxl,,194.12,194.12,19,93 =257,93,93 =257,"Wach auf, mein Herz, und singe (9,10)","Gerhardt, Paul",Nun lasst uns Gott dem Herren,"Selnecker, Nikolaus",159,Dedication of Church and Organ,"2 (79.6, 165.6)"
94,"Warum betrübst du dich, mein Herz",chor094.krn,094/short_score.mxl,,47.5,47.5,,94,94,94,"Warum betrübst du dich, mein Herz (11)",Anonymous,"Warum betrübst du dich, mein Herz",Frankfurt/Main 1557,1689,17th Sunday after Trinity,"2 (420, 421)"
95,"Werde munter, mein Gemüte",chor095.krn,095/short_score.mxl,,55.5,55.5,,95,95,95,Werde munter mein Gemüte (6),"Rist, Johann",Werde munter mein Gemüte,"Schop, Johann",6551,22nd Sunday after Trinity,"6 (146.8, 147.6=147.10, 154.3, 244.40, 359, 360)"
96,"Jesu, meine Freude",chor096.krn,096/short_score.mxl,,87.7,87.7,105,96,96,96,Selig ist die Seele (9),"Müller, Heinrich","Jesu, meine Freude","Crüger, Johann",8032,Rogate (5th Sunday after Easter),"6 (64.8, 81.7, 227.1=227.11, 227.3, 227.7, 358)"
97,Nun bitten wir den heiligen Geist,chor097.krn,097/short_score.mxl,,169.7,169.7,36,97,97,97,Nun bitten wir den Heiligen Geist (3),"Luther, Martin",Nun bitten wir den Heiligen Geist,Wittenberg 1524*,2029,18th Sunday after Trinity,"2 (197.5, 385)"
98,O Haupt voll Blut und Wunden,chor098.krn,098/short_score.mxl,,244.15,244.15,,98,98,98,O Haupt voll Blut und Wunden (5),"Gerhardt, Paul",Befiehl du deine Wege (melody #1),"Hassler, Hans Leo",5385a,Good Friday,"11 (135.6, 153.5, 161.6, 244.17, 244.44, 244.54, 244.62, 248.5, 248.64, 270, 271)"
99,Helft mir Gotts Güte preisen,chor099.krn,099/short_score.mxl,,16.6,16.6,,99,99,99,Helft mir Gotts Güte preisen (6),"Eber, Paul",Helft mir Gotts Güte preisen,Anonymous,5267,New Year’s Day,"2 (28.6, 183.5)"
100,Durch Adams Fall ist ganz verderbt,chor100.krn,100/short_score.mxl,,18.5,18.5,,100 =126,100,100 =126,Durch Adams Fall ist ganz verderbt (8),"Spengler, Lazarus",Durch Adams Fall ist ganz verderbt,Wittenberg 1529,7549,Sexagesima,0
101,"Herr Christ, der ein'ge Gottes Sohn",chor101.krn,101/short_score.mxl,,164.6,164.6,82,101,101,101,"Herr Christ, der einge Gottessohn (5)","Creutziger, Elisabeth","Herr Christ, der einge Gottessohn",Erfurt 1524*,4297a,13th Sunday after Trinity,"2 (22.5, 96.6)"
102,"Du lebensfürst, Herr Jesu Christ",chor102.krn,102/short_score.mxl,,43.11,43.11,107,102,102,102,"Du Lebensfürst, Herr Jesu Christ (1, 13)","Rist, Johann","Ermuntre dich, mein schwacher Geist","Schop, Johann",5741,Ascension,"2 (11.6, 248.12)"
103,Nun ruhen alle Wälder,chor103.krn,103/short_score.mxl,,13.6,13.6,,103,103,103,In allen meinen Taten (15),"Fleming, Paul","O Welt, ich muss dich lassen",Anonymous,2293b,2nd Sunday after Epiphany,"9 (44.7, 97.9, 244.10, 244.37, 245.11, 392, 393, 394, 395)"
104,Wer nur den lieben Gott läßt walten,chor104.krn,104/short_score.mxl,,88.7,88.7,,104,104,104,Wer nur den lieben Gott lässt walten (8),"Neumark, Georg",Wer nur den lieben Gott lässt walten,"Neumark, Georg",2778,5th Sunday after Trinity,"6 (84.5, 93.7, 166.6, 179.6, 197.10, 434)"
105,"Herzliebester Jesu, was hast du verbrochen",chor105.krn,105/short_score.mxl,,244.46,244.46,,105,105,105,"Herzliebster Jesu, was hast du verbrochen (4)","Heermann, Johann","Herzliebster Jesu, was hast du verbrochen","Crüger, Johann",983,Good Friday,"3 (244.3, 245.3, 245.17)"
106,"Jesu Leiden, Pein und Tod",chor106.krn,106/short_score.mxl,,245.28,245.28,,106,106,106,"Jesu Leiden, Pein und Tod (20)","Stockmann, Paul","Jesu Kreuz, Leiden und Pein","Vulpius, Melchior",6288b,Good Friday,"2 (159.5, 245.14)"
107,"Herzlich lieb hab ich dich, o Herr",chor107.krn,107/short_score.mxl,,245.40,245.40,,107,107,107,"Herzlich lieb hab ich dich, o Herr (3)","Schalling, Martin","Herzlich lieb hab ich dich, o Herr",Straßburg 1577,8326,Good Friday,"3 (149.7, 174.5, 340)"
108,Valet will ich dir geben,chor108.krn,108/short_score.mxl,,245.26,245.26,142,108,108,108,Valet will ich dir geben (3),"Herberger, Valerius",Valet will ich dir geben,"Teschner, Melchior",5404a,Good Friday,1 (415)
109,Singen wir aus Herzensgrund,chor109.krn,109/short_score.mxl,,187.7,187.7,,109,109,109,Singen wir aus Herzensgrund (4),"Vogel, Hans",Da Christus geboren war,Bohemian Brethren 1544*,4816,7th Sunday after Trinity,0
110,Vater unser im Himmelreich,chor110.krn,110/short_score.mxl,,102.7,102.7,,110,110,110,"So wahr ich lebe, spricht dein Gott (6)","Heermann, Johann",Vater unser im Himmelreich,Leipzig 1539,3561,10th Sunday after Trinity,"4 (90.5, 101.7, 245.5, 416)"
111,"Herzliebester Jesu, was hast du verbrochen",chor111.krn,111/short_score.mxl,,245.17,245.17,140,111,111,111,"Herzliebster Jesu, was hast du verbrochen (8,9)","Heermann, Johann","Herzliebster Jesu, was hast du verbrochen","Crüger, Johann",983,Good Friday,"3 (244.3, 244.46, 245.3)"
112,Wer nur den lieben Gott läßt walten,chor112.krn,112/short_score.mxl,,84.5,84.5,30,112,112,112,"Wer weiss, wie nahe mir mein Ende (12)","Schwarzburg–Rudolstadt, ämilie Juliane von",Wer nur den lieben Gott lässt walten,"Neumark, Georg",2778,Septuagesima,"6 (88.7, 93.7, 166.6, 179.6, 197.10, 434)"
113,"Christus, der uns selig macht",chor113.krn,113/short_score.mxl,,245.37,245.37,,113,113,113,"Christus, der uns selig macht (8)","Weisse, Michael","Christus, der uns selig macht",Leipzig c.1500,6285,Good Friday,"3 (245.15, 283, 1084)"
114,Von Gott will ich nicht lassen,chor114.krn,114/short_score.mxl,,419,419,,114,114,114,Von Gott will ich nicht lassen,"Helmbold, Ludwig",Von Gott will ich nicht lassen,Erfurt 1563*,5264b,Unknown,"4 (73.5, 107.7, 417, 418)"
115,"Was mein Gott will, das g'scheh allzeit",chor115.krn,115/short_score.mxl,,244.25,244.25,,115,115,115,"Was mein will, das gscheh allzeit (1)","Brandenberg, Markgraf Albrecht von","Was mein Gott will, das gscheh allzeit",Antwerp 1540*,7568,Good Friday,"6 (65.7, 72.6, 92.9, 103.6, 111.6, 144.6)"
116,"Nun lob, mein Seel, den Herren",chor116.krn,116/short_score.mxl,,29.8,29.8,,116,116,116,"Nun lob, mein Seel, den Herren (5)","Gramann, Johann","Nun lob, mein Seel, den Herren","Kugelmann, Hans*",8244,Town Council Inauguration,"4 (17.7, 167.5, 389, 390)"
117,Nun ruhen alle Wälder,chor117.krn,117/short_score.mxl,,244.10,244.10,,117,117,117,"O Welt, sieh hier dein Leben (5)","Gerhardt, Paul","O Welt, ich muss dich lassen",Anonymous,2293b,Good Friday,"9 (13.6, 44.7, 97.9, 244.37, 245.11, 392, 393, 394, 395)"
118,"In dich hab ich gehoffet, Herr",chor118.krn,118/short_score.mxl,,244.32,244.32,,118,118,118,"In dich hab ich gehoffet, Herr (5)","Reusner, Adam","In dich hab ich gehoffet, Herr",Nürnberg 1581,2461,Good Friday,"2 (52.6, 248.46)"
119,"Christ, unser Herr zum Jordan kam",chor119.krn,119/short_score.mxl,,176.6,176.6,,119,119,119,Was alle Weisheit in der Welt (8),"Gerhardt, Paul",Christ unser Herr zum Jordan kam,"Walter, Johann?",7246,Trinity Sunday,"2 (7.7, 280)"
120,"Was mein Gott will, das g'scheh allzeit",chor120.krn,120/short_score.mxl,,103.6,103.6,102,120 =348,120,120 =349,"Barmherzger Vater, höchster Gott (9)","Gerhardt, Paul","Was mein Gott will, das gscheh allzeit",Antwerp 1540*,7568,Jubilate (3rd Sunday after Easter),"6 (65.7, 72.6, 92.9, 111.6, 144.6, 244.25)"
121,"Werde munter, mein Gemüte",chor121.krn,121/short_score.mxl,,244.40,244.40,139,121,121,121,Werde munter mein Gemüte (6),"Rist, Johann",Werde munter mein Gemüte,"Schop, Johann",6551,Good Friday,"6 (55.5, 146.8, 147.6=147.10, 154.3, 359, 360)"
122,Ist Gott mein Schild und Helfersmann,chor122.krn,122/short_score.mxl,,85.6,85.6,106,122,122,122,Ist Gott mein Schild und Helfersmann (4),"Homburg, Ernst Christoph",Ist Gott mein Schild und Helfersmann,Dresden 1694,2542,Misericordias Domini,0
123,Helft mir Gotts Güte preisen,chor123.krn,123/short_score.mxl,,183.5,183.5,,123,123,123,Zeuch ein zu deinen Toren (5),"Gerhardt, Paul",Helft mir Gotts Güte preisen,Anonymous,5267,Exaudi (Sunday after Ascension),"2 (16.6, 28.6)"
124,"Auf, auf, mein Herz, und du mein ganzer Sinn",chor124.krn,124/short_score.mxl,,268,268,,124,124,124,"Auf, auf, mein Herz, und du, mein ganzer Sinn","Birken, Sigmund von","Auf, auf, mein Herz, und du, mein ganzer Sinn","Staden, Johann",824,Unknown,0
125,Allein Gott in der Höh sei Ehr,chor125.krn,125/short_score.mxl,,104.6,104.6,,125 =325,125,125 =326,Der Herr ist mein getreuer Hirt (1),"Becker, Cornelius",Allein Gott in der Höh sei Ehr,"Decius, Nikolaus*",4457,Misericordias Domini,"2 (112.5, 260)"
126,Durch Adams Fall ist ganz verderbt,chor126.krn,126/short_score.mxl,,18.5,(18.5),,126 =100,126,126 =100,Durch Adams Fall ist ganz verderbt (8),"Spengler, Lazarus",Durch Adams Fall ist ganz verderbt,Wittenberg 1529,7549,Sexagesima,0
127,Dies sind die heil'gen zehn Gebot,chor127.krn,127/short_score.mxl,,298,298,,127,127,127,Dies sind die heilgen zehn Gebot,"Luther, Martin",In Gottes Namen fahren wir,Erfurt 1524*,1951,Unknown,0
128,Alles ist an Gottes Segen,chor128.krn,128/short_score.mxl,,263,263,,128,128,128,Alles ist an Gottes Segen,Nürnberg 1676,Alles ist an Gottes Segen,"Löhner, Johann",3838ff,Unknown,0
129,Keinen hat Gott verlassen,chor129.krn,129/short_score.mxl,,369,369,,129,129,129,Keinen hat Gott verlassen,Anonymous,Keinen hat Gott verlassen,Berlin 1640*,5394,Unknown,0
130,Mein Seele erhebet den Herrn,chor130.krn,130/short_score.mxl,,324,324,,130,130,130,Meine Seel erhebt den Herren [The German Magnificat],Luke 1:46ff,Meine Seel erhebt den Herren [The German Magnificat],Wittenberg 1535*,7372,Unknown,"2 (10.7, 323)"
131,"Liebester Jesu, wir sind hier",chor131.krn,131/short_score.mxl,,373,373,,131 =327,131,131 =328,"Liebster Jesu, wir sind hier","Clausnizer, Tobias","Liebster Jesu, wir sind hier","Briegel, Wolfgang Carl*",3498,Unknown,0
132,Kyrie! Gott Vater in Ewigkeit,chor132.krn,132/short_score.mxl,,371,371,,132,132,132,"Kyrie, Gott Vater in Ewigkeit",Naumburg 1537/38 (trans. of Kyrie),"Kyrie, Gott Vater in Ewigkeit",Naumburg 1537/38,8600,Unknown,0
133,Wir glauben all an einen Gott,chor133.krn,133/short_score.mxl,,437,437,,133,133,133,Wir glauben all an einen Gott,"Luther, Martin",Wir glauben all an einen Gott,Wittenberg 1524*,7971,Unknown,0
134,"Du, o schönes Weltgebäude",chor134.krn,134/short_score.mxl,,301,301,,137,137,134,"Du, o schönes Weltgebäude","Franck, Johann",Du geballtes Weltgebäude,"Crüger, Johann",6773,Unknown,1 (56.5)
135,Gott der Vater wohn uns bei,chor135.krn,135/short_score.mxl,,317,317,,134,134,135,Gott der Vater wohn uns bei,"Luther, Martin",Gott der Vater wohn uns bei,Wittenberg 1524*,8507,Unknown,0
136,"Herr Jesu Christ, dich zu uns wend",chor136.krn,136/short_score.mxl,,332,332,,136,136,136,"Herr, Jesu Christ, dich zu uns wend",Wilhelm II Duke of Sachsen–Weimar,"Herr, Jesu Christ, dich zu uns wend",Gochsheim/Redwitz 1628,625,Unknown,0
137,"Wer Gott vertraut, hat wohl gebaut",chor137.krn,137/short_score.mxl,,433,433,,135,135,137,"Wer Gott vertraut, hat wohl gebaut","Magdeburg, Joachim","Wer Gott vertraut, hat wohl gebaut","Magdeburg, Joachim",8207,Unknown,0
138,"Jesu, meine Freude",chor138.krn,138/short_score.mxl,,64.8,64.8,12,138,138,138,"Jesu, meine Freude (5)","Franck, Johann","Jesu, meine Freude","Crüger, Johann",8032,3rd Day of Christmas,"6 (81.7, 87.7, 227.1=227.11, 227.3, 227.7, 358)"
139,Warum sollt ich mich denn grämen,chor139.krn,139/short_score.mxl,,248.33,248.33,125,139,139,139,Fröhlich soll mein Herze springen (15),"Gerhardt, Paul",Warum sollt ich mich denn grämen,"Ebeling, Johann Georg",6461,3rd Day of Christmas,1 (422)
140,In allen meinen Taten,chor140.krn,140/short_score.mxl,,367,367,,140,140,140,In allen meinen Taten,"Fleming, Paul",In allen meinen Taten,Leipzig 1679,2276,Unknown,0
141,Seelenbräutigam,chor141.krn,141/short_score.mxl,,409,409,,141,141,141,"Seelenbräutigam, Jesu, Gottes Lamm","Drese, Adam","Seelenbräutigam, Jesu, Gottes Lamm","Drese, Adam",3255,Unknown,0
142,Schwing dich auf zu deinem Gott,chor142.krn,142/short_score.mxl,,40.6,40.6,,142,142,142,Schwing dich auf zu deinem Gott (2),"Gerhardt, Paul",Eine Hoffnung stehe feste,Bremen 1680,4870,2nd Day of Christmas,0
143,In dulci jubilo,chor143.krn,143/short_score.mxl,,368,368,,143,143,143,In dulci jubilo,Anonymous,In dulci jubilo,Wittenberg 1535,4947,Unknown,0
144,Wer in dem Schutz des Höchsten ist,chor144.krn,144/short_score.mxl,,339,339,,144 =317,144,144 =318,"Herr, wie du willst, so schicks mit mir","Bienemann, Kaspar",Aus tiefer Not schrei ich zu dir (melody #2),"Dachstein, Wolfgang",4438,Unknown,1 (156.6)
145,"Warum betrübst du dich, mein Herz",chor145.krn,145/short_score.mxl,,420,420,,145,145,145,"Warum betrübst du dich, mein Herz",Anonymous,"Warum betrübst du dich, mein Herz",Frankfurt/Main 1557,1689,Unknown,"2 (47.5, 421)"
146,Wer nur den lieben Gott laßt walten,chor146.krn,146/short_score.mxl,,434,434,47,146,146,146,Wer nur den lieben Gott lässt walten,"Neumark, Georg",Wer nur den lieben Gott lässt walten,"Neumark, Georg",2778,Unknown,"6 (84.5, 88.7, 93.7, 166.6, 179.6, 197.10)"
147,Wenn ich in Angst und Not,chor147.krn,147/short_score.mxl,,427,427,,147,147,147,Wenn ich in Angst und Not,"Löwenstern, Matthäus Apelles von",Wenn ich in Angst und Not,"Löwenstern, Matthäus Apelles von",4233,Unknown,0
148,Uns ist ein Kindlein heut geborn,chor148.krn,148/short_score.mxl,,414,414,,148,148,148,Uns ist ein Kindlein heut geborn,Anonymous,Danket dem Herrn heut und allzeit,Leipzig 1589,439,Unknown,1 (253)
149,"Nicht so traurig, nicht so sehr",chor149.krn,149/short_score.mxl,,384,384,,149,149,149,"Nicht so traurig, nicht so sehr","Gerhardt, Paul","Nicht so traurig, nicht so sehr","Bach, J.S.?",3355,Unknown,0
150,"Welt ade, ich bin dein müde",,150/short_score.mxl,,27.6,27.6,,150,150,150,"Welt, ade! Ich bin dein müde (1)","Albinus, Johann Georg","Welt, ade! Ich bin dein müde","Albinus, Johann Georg",6531,16th Sunday after Trinity,0
151,"Meinen Jesum laß ich nicht, Jesus",chor151.krn,151/short_score.mxl,,379,379,,151,151,151,Meinen Jesum lass ich nicht,"Keymann, Christian",Jesus ist mein Aufenthalt,Lüneburg 1686,3448a,Unknown,0
152,"Meinen Jesum laß ich nicht, weil",chor152.krn,152/short_score.mxl,,154.8,154.8,129,152,152,152,Meinen Jesum lass ich nicht (6),"Keymann, Christian",Meinen Jesum lass ich nicht,"Hammerschmidt, Andreas",3449,1st Sunday after Epiphany,"5 (70.11, 124.6, 157.5, 244b.29, 380)"
153,Alle Menschen müssen sterben,chor153.krn,153/short_score.mxl,,262,262,,153,153,153,Alle Menschen müssen sterben,"Albinus, Johann Georg or Johann Rosenmüller",Alle Menschen müssen sterben,"Hintze, Jakob",6778,Unknown,0
154,Der du bist drei in Einigkeit,chor154.krn,154/short_score.mxl,,293,293,,154,154,154,Der du bist drei in Einigkeit,"Luther, Martin",Der du bist drei in Einigkeit,"Schein, Johann Hermann*",335,Unknown,0
155,"Hilf, Herr Jesu, laß gelingen",chor155.krn,155/short_score.mxl,,344,344,,155,155,155,"Hilf, Herr Jesu, lass gelingen","Rist, Johann","Hilf, Herr Jesu, lass gelingen (melody #1)","Schop, Johann",3687,Unknown,0
156,"Ach Gott, wie manches Herzeleid",chor156.krn,156/short_score.mxl,,3.6,3.6,28,156 =307,156,156 =308,"Ach Gott, wie manches Herzeleid (18)","Moller, Martin","Herr Jesu Christ, meins Lebens Licht (melody #2)",Leipzig 1625,533a,2nd Sunday after Epiphany,1 (153.9)
157,Wo Gott zum Haus nicht gibt sein' Gunst,chor157.krn,157/short_score.mxl,,438,438,,157,157,157,Wo Gott zum Haus nicht gibt sein Gunst,"Kolros, Johann",Wo Gott zum Haus nicht gibt sein Gunst,Wittenberg 1533,305,Unknown,1 (1123)
158,"Der Tag, der ist so freudenreich",chor158.krn,158/short_score.mxl,,294,294,,158,158,158,"Der Tag, der ist so freudenreich",Anonymous,"Der Tag, der ist so freudenreich",Wittenberg 1529*,7869f,Unknown,0
159,Als der gütige Gott,chor159.krn,159/short_score.mxl,,264,264,,159,159,159,Als der gütige Gott,"Weisse, Michael",Als der gütige Gott,"Crüger, Johann",1646,Unknown,0
160,"Gelobet seist du, Jesu Christ",chor160.krn,160/short_score.mxl,,64.2,64.2,13,160,160,160,"Gelobet seist du, Jesu Christ (7)","Luther, Martin","Gelobet seist du, Jesu Christ",Wittenberg 1524*,1947,3rd Day of Christmas,"3 (91.6, 248.28, 314)"
161,"Ihr Gestirn, ihr hohen Lüfte",chor161.krn,161/short_score.mxl,,366,366,,161,161,161,"Ihr Gestirn, ihr hohlen Lüfte","Franck, Johann","Ihr Gestirn, ihr hohlen Lüfte","Peter, Christoph",3703,Unknown,0
162,Das alte Jahr vergangen ist,chor162.krn,162/short_score.mxl,,288,288,5,162,162,162,Das alte Jahr vergangen ist,Erfurt 1568,Das alte Jahr vergangen ist,"Steuerlein, Johann",381c,Unknown,1 (289)
163,Für Freuden laßt uns springen,chor163.krn,163/short_score.mxl,,313,313,,163,163,163,Vor Freuden lasst uns springen,"Peltsch, Kaspar",Vor Freuden lasst uns springen,Anonymous,2339,Unknown,0
164,"Herr Gott, dich loben alle wir",chor164.krn,164/short_score.mxl,,326,326,,167,167,164,"Herr Gott, dich loben alle wir","Eber, Paul","Herr Gott, dich loben alle wir",Geneva 1551*,368,Unknown,"2 (130.6, 327)"
165,"O Lamm Gottes, unschuldig",chor165.krn,165/short_score.mxl,,401,401,,165,165,165,"O Lamm Gottes, unschuldig","Decius, Nikolaus","O Lamm Gottes, unschuldig","Decius, Nikolaus",4361,Unknown,0
166,Es stehn vor Gottes Throne,chor166.krn,166/short_score.mxl,,309,309,,166,166,166,Es stehn vor Gottes Throne,"Helmbold, Ludwig",Es stehn vor Gottes Throne,"Burck, Joachim a",4296,Unknown,0
167,Du großer Schmerzensmann,chor167.krn,167/short_score.mxl,,300,300,,164,164,167,Du großer Schmerzensmann,"Thebesius, Adam",Du großer Schmerzensmann,"Jan, Martin",5159,Unknown,0
168,"Heut ist, o Mensch, ein großer Trauertag",chor168.krn,168/short_score.mxl,,341,341,,168,168,168,"Heut ist, o Mensch, ein großer Trauertag","Löwenstern, Matthäus Apelles von","Heut ist, o Mensch, ein großer Trauertag","Löwenstern, Matthäus Apelles von",8569a,Unknown,0
169,"Jesu, der du selbsten wohl",chor169.krn,169/short_score.mxl,,355,355,,169,169,169,"Jesu, der du selbsten wohl","Bapzien, Michael","Jesu, der du selbsten wohl",Breslau 1668,6335,Unknown,0
170,"Nun komm, der Heiden Heiland",chor170.krn,170/short_score.mxl,,62.6,62.6,96,170,170,170,"Nun komm, der Heiden Heiland (8)","Luther, Martin","Nun komm, der Heiden Heiland",Erfurt 1524*,1174,1st Sunday after Advent,1 (36.8)
171,"Schaut, ihr Sünder",chor171.krn,171/short_score.mxl,,408,408,,171,171,171,"Schaut, ihr Sünder","Löwenstern, Matthäus Apelles von","Heut ist, o Mensch, ein großer Trauertag","Löwenstern, Matthäus Apelles von",8569,Unknown,0
172,"Sei gegrüßet, Jesu gütig",chor172.krn,172/short_score.mxl,,410,410,,172,172,172,"Sei gegrüßet, Jesu gütig","Keymann, Christian","Sei gegrüßet, Jesu gütig",Leipzig 1682,3889,Unknown,0
173,"O Herzensangst, o Bangigkeit",chor173.krn,173/short_score.mxl,,400,400,,173,173,173,"O Herzensangst, o Bangigkeit","Königsberg, Fr. D. Gerh. Müller von","O Herzensangst, o Bangigkeit","Bach, J.S.?",1003,Unknown,0
174,"Jesus Christus, unser Heiland",chor174.krn,174/short_score.mxl,,364,364,,174,174,174,"Jesus Christus, unser Heiland, der den Tod überwand","Luther, Martin","Jesus Christus, unser Heiland, der den Tod überwand","Luther, Martin",1978,Unknown,0
175,"Jesus, meine Zuversicht",chor175.krn,175/short_score.mxl,,365,365,,175,175,175,"Jesus, meine Zuversicht",Berlin 1653,"Jesus, meine Zuversicht",Berlin 1653,3432,Unknown,1 (145a)
176,Erstanden ist der heil'ge Christ,chor176.krn,176/short_score.mxl,,306,306,,176,176,176,Erstanden ist der heilge Christ,Anonymous,Erstanden ist der heilge Christ,Bohemian Brethren 1501/1531*,1746,Unknown,0
177,"Ach bleib bei uns, Herr Jesu Christ",chor177.krn,177/short_score.mxl,,253,253,,177,177,177,"Ach bleib bei uns, Herr Jesu Christ","Selnecker, Nikolaus","Danket dem Herrn, heut und allzeit",Leipzig 1589,439,Unknown,1 (414)
178,Das neugeborne Kindelein,chor178.krn,178/short_score.mxl,,122.6,(122.6),(55),178 =52,178,178 =53,Das neugeborne Kindelein (4),"Schneegaß, Cyriakus",Das neugeborne Kindelein,"Vulpius, Melchior",491,1st Sunday after Christmas,0
179,"Wachet auf, ruft uns die Stimme",chor179.krn,179/short_score.mxl,,140.7,140.7,17,179,179,179,"Wachet auf, ruft uns die Stimme (3)","Nicolai, Philipp","Wachet auf, ruft uns die Stimme","Nicolai, Philipp*",8405,27th Sunday after Trinity,0
180,Als Jesus Christus in der Nacht,chor180.krn,180/short_score.mxl,,265,265,,180,180,180,Als Jesu Christus in der Nacht,"Heermann, Johann",Als Jesu Christus in der Nacht,"Crüger, Johann",258,Unknown,0
181,Gott hat das Evangelium,chor181.krn,181/short_score.mxl,,319,319,,181,181,181,Gott hat das Evangelium,"Alber, Erasmus",Gott hat das Evangelium,"Alber, Erasmus",1788,Unknown,0
182,Wär Gott nicht mit uns diese Zeit,chor182.krn,182/short_score.mxl,,14.5,14.5,128,182,182,182,Wär Gott nicht mit uns diese Zeit (3),"Luther, Martin",Wär Gott nicht mit uns diese Zeit,Wittenberg 1524,4434,4th Sunday after Epiphany,0
183,"Nun freut euch, lieben Christen g'mein",chor183.krn,183/short_score.mxl,,388,388,,183,183,183,"Nun freut euch, lieben Christen gmein","Luther, Martin","Nun freut euch, lieben Christen gmein (melody #1)",Nürnberg 1524*,4427,Unknown,0
184,Christ lag in Todesbanden,chor184.krn,184/short_score.mxl,,4.8,4.8,,184,184,184,Christ lag in Todesbanden (7),"Luther, Martin",Christ lag in Todesbanden,"Luther, Martin*",7012a,Easter Sunday,"4 (158.4, 277, 278, 279)"
185,"Nun freut euch, Gottes Kinder all",chor185.krn,185/short_score.mxl,,387,387,,185,185,185,"Nun freut euch, Gottes Kinder all","Alber, Erasmus","Ihr lieben Christen, freut euch nun",Wittenberg 1546,364,Unknown,0
186,"Ach Gott, erhör mein Seufzen",chor186.krn,186/short_score.mxl,,254,254,,186,186,186,"Ach Gott, erhör mein Seufzen und Wehklagen","Schechs, Jakob Peter","Ach Gott, erhör mein Seufzen und Wehklagen",Frankfurt/Main 1662,1831a,Unknown,0
187,"Komm, Gott Schöpfer, heiliger Geist",chor187.krn,187/short_score.mxl,,370,370,,187,187,187,"Komm, Gott Schöpfer, heiliger Geist","Luther, Martin","Komm, Gott Schöpfer, heiliger Geist","Luther, Martin*",295,Unknown,0
188,Ich dank dir schön durch deinen Sohn,chor188.krn,188/short_score.mxl,,349,349,,188,188,188,Ich dank dir schon deinen Sohn,Leipzig 1586,"Ach Herre Gott, mich treibt die Not","Praetorius, Michael*",247,Unknown,0
189,"Herr Jesu Christ, wahr Mensch und Gott",chor189.krn,189/short_score.mxl,,336,336,,189,189,189,"Herr Jesu Christ, wahr Mensch und Gott","Eber, Paul","Herr Jesu Christ, wahr Mensch und Gott","Eccard, Johannes",423,Unknown,0
190,"Herr, nun laß Freide",chor190.krn,190/short_score.mxl,,337,337,,190,190,190,"Herr, nun lass in Friede","Behme, David","Herr, nun lass in Friede",Bohemian Brethren 1694,3302,Unknown,0
191,Von Gott will ich nicht lassen,chor191.krn,191/short_score.mxl,,73.5,73.5,,191,191,191,Von Gott will ich nicht lassen (9),"Helmbold, Ludwig",Von Gott will ich nicht lassen,Erfurt 1563*,5264b,3rd Sunday after Epiphany,"4 (107.7, 417, 418, 419)"
192,"Gottlob, es geht nunmehr zu Ende",chor192.krn,192/short_score.mxl,,321,321,,192,192,192,"Gottlob, es geht nunmehr zum Ende","Wiese, Christian","Gottlob, es geht nunmehr zum Ende",Anonymous,2855,Unknown,0
193,"Was bist du doch, o Seele, so betrübet",chor193.krn,193/short_score.mxl,,424,424,,193,193,193,"Was bist du doch, o Seele so betrübet","Schultt, Rudolf Friedrich von","Was bist du doch, o Seele so betrübet",Anonymous,1837,Unknown,0
194,"Liebster Immanuel, Herzog der Frommen",chor194.krn,194/short_score.mxl,,123.6,123.6,,194,194,194,"Liebster Immanuel, Herzog der Frommen (6)","Fritsch, Ahasverus","Liebster Immanuel, Herzog der Frommen",Darmstadt 1698,4932c,Feast of Epiphany,0
195,Wie schön leuchtet der Morgenstern,chor195.krn,195/short_score.mxl,,36.4,(36.4),(33),195 =85 =304,195,195 =86 =305,Wie schön leuchtet der Morgenstern (6),"Nicolai, Philipp",Wie schön leuchtet der Morgenstern,"Nicolai, Philipp",8359,1st Sunday in Advent,"3 (1.6, 172.6, 436)"
196,Da der Herr Christ zu Tische saß,chor196.krn,196/short_score.mxl,,285,285,,196,196,196,Da der Herr Christ zu Tische saß,"Herman, Nikolaus",Da der Herr Christ zu Tische saß,Görlitz 1611,1560,Unknown,0
197,Christ ist erstanden,chor197.krn,197/short_score.mxl,,276,276,,197,197,197,Christ ist erstanden,Anonymous,Christ ist erstanden,Wittenberg 1533*,8584,Unknown,1 (66.6)
198,"Christus, der uns selig macht",chor198.krn,198/short_score.mxl,,283,283,,198 =306,198,198 =307,"Christus, der uns selig macht","Weisse, Michael","Christus, der uns selig macht",Leipzig c.1500,6285,Unknown,"3 (245.15, 245.37, 1084)"
199,"Hilf, Gott, laß mir's gelingen",chor199.krn,199/short_score.mxl,,343,343,,199 =301,199,199 =302,"Hilf, Gott, dass mirs gelinge","Müller, Heinrich","Hilf, Gott, dass mirs gelinge",Leipzig 1545,4329,Unknown,0
200,"Christus ist erstanden, hat überwunden",chor200.krn,200/short_score.mxl,,284,284,,200,200,200,"Christus ist erstanden, hat überwunden","Weisse, Michael","Christus ist erstanden, hat überwunden",Bohemian Brethren 1531,6240c,Unknown,0
201,"O Mensch, bewein dein' Sünde groß",chor201.krn,201/short_score.mxl,,402,402,,201 =305,201,201 =306,"O Mensch, bewein dein Sünde groß","Heyden, Sebald","Es sind doch selig alle, die im rechten Glauben wandeln","Greitter, Matthias",8303,Unknown,0
202,O wir armen Sünder,chor202.krn,202/short_score.mxl,,407,407,,202,202,202,O wir armen Sünder!,"Bonnus, Hermann",O wie armen Sünder!,Königsberg 1527*,8187,Unknown,0
203,"O Mensch, schau Jesum Christum an",chor203.krn,203/short_score.mxl,,403,403,,203,203,203,"O Mensch, schau Jesum Christum an","Specht, Daniel","O Mensch, schau Jesum Christum an","Titus, Peter",3994,Unknown,0
204,"Wer weiß, wie nahe mir mein Ende",chor204.krn,204/short_score.mxl,,166.6,166.6,,204,204,204,"Wer weiss, wie nahe mir mein Ende (1)","Schwarzburg–Rudolstadt, ämilie Juliane von",Wer nur den lieben Gott lässt walten,"Neumark, Georg",2778,Cantate (4th Sunday after Easter),"6 (84.5, 88.7, 93.7, 179.6, 197.10, 434)"
205,"Herr Gott, dich loben wir",chor205.krn,205/short_score.mxl,,328,328,,205,205,205,"Herr Gott, dich loben wir [German Te Deum]","Luther, Martin","Herr Gott, dich loben wir [The German Te Deum] [German Te Deum]","Luther, Martin*",8652,Unknown,"2 (119.9, 120.6)"
206,"So gibst du nun, mein Jesu, gute Nacht",chor206.krn,206/short_score.mxl,,412,412,,206,206,206,"So gibst du nun, mein Jesu, gute Nacht!","Pfeiffer, August","So gibst du nun, mein Jesu, gute Nacht!",Dresden 1694,849,Unknown,0
207,Des heil'gen Geistes reiche Gnad,chor207.krn,207/short_score.mxl,,295,295,,207,207,207,Des heilgen Geistes reiche Gnad,Leipzig 1582,Des heilgen Geistes reiche Gnad,"Schein, Johann Hermann*",3706,Unknown,0
208,Als vierzig Tag nach Ostern,chor208.krn,208/short_score.mxl,,266,266,,208,208,208,Als vierzig Tag nach Ostern warn,"Herman, Nikolaus",Als vierzig Tag nach Ostern warn,"Herman, Nikolaus",1743,Unknown,0
209,"Dir, dir, Jehova will ich singen",chor209.krn,209/short_score.mxl,,299,299,6,209,209,209,"Dir, dir, Jehova, will ich singen","Crasselius, Bartholomäus","Dir, dir, Jehova, will ich singen","Bach, J.S.",,Unknown,0
210,"Christe, du Beistand deiner Kreuzgemeinde",chor210.krn,210/short_score.mxl,,275,275,,210,210,210,"Christe, du Beistand","Löwenstern, Matthäus Apelles von","Christe, du Beistand","Löwenstern, Matthäus Apelles von",993,Unknown,0
211,Weltlich Ehr und zeitlich Gut,chor211.krn,211/short_score.mxl,,426,426,,211,211,211,Weltlich Ehr und zeitlich Gut,"Weisse, Michael",Weltlich Ehr und zeitlich Gut,"Triller, Valentin",4972,Unknown,0
212,"Herr, ich dank an jene Zeit",chor212.krn,212/short_score.mxl,,329,329,,212,212,212,"Herr, ich denk an jene Zeit","Mylius, Georg","Lob sei dir, gütiger Gott",Bohemian Brethren 1566,4840,Unknown,0
213,"O wie selig ihr doch, ihr Frommen",chor213.krn,213/short_score.mxl,,405,405,,213,213,213,"O wie selig seid ihr doch, ihr Frommen","Dach, Simon","O wie selig seid ihr doch, ihr Frommen","Crüger, Johann",1583,Unknown,0
214,Mitten wir im Leben sind,chor214.krn,214/short_score.mxl,,383,383,,214,214,214,Mitten wir im Leben sind,Salzburg 1456,Mitten wir im Leben sind,"Walter, Johann*",8502,Unknown,0
215,Verleih uns Frieden gnädiglich,chor215.krn,215/short_score.mxl,,126.6,126.6,,215,215,215,Verleih uns Frieden gnädiglich,"Luther, Martin",Verleih uns Frieden gnädiglich,Wittenberg 1529*,1945,Sexagesima,1 (42.7)
216,Es ist genug! so nimm Herr,chor216.krn,216/short_score.mxl,,60.5,60.5,46,216,216,216,Es ist genug (5),"Burmeister, Franz Joachim",Es ist genug,"Ahle, Johann Rudolph",7173,24th Sunday after Trinity,0
217,"Ach Gott, wie manches Herzeleid",chor217.krn,217/short_score.mxl,,153.9,153.9,,217,217,217,"Ach Gott, wie manches Herzeleid (16,17,18)","Moller, Martin","Herr Jesu Christ, meins Lebens Licht (melody #2)",Leipzig 1625,533a,Sunday after New Year,1 (3.6)
218,"Laß, o Herr, dein Ohr sich neigen",chor218.krn,218/short_score.mxl,,372,372,,218,218,218,"Lass, o Herr, dein Ohr sich neigen","Opitz, Martin","Lass, o Herr, dein Ohr sich neigen","Bourgeois, Louis",6863,Unknown,0
219,"O wie selig seid ihr doch, ihr Frommen",chor219.krn,219/short_score.mxl,,406,406,,219,219,219,"O wie selig seid ihr doch, ihr Frommen","Dach, Simon","Ach, wie groß ist Gottes Güt und Wohltat",Nürnberg 1561,1581,Unknown,0
220,Sollt ich meinem Gott nicht singen,chor220.krn,220/short_score.mxl,,413,413,,220,220,220,Sollt ich meinem Gott nicht singen,"Gerhardt, Paul",Lasset uns den Herren preisen,"Schop, Johann",7886,Unknown,0
221,"Herr, straf mich nicht in deinem Zorn",chor221.krn,221/short_score.mxl,,338,338,,221,221,221,"Herr, straf mich nicht in deinem Zorn (paraph. of Ps.38)",Anonymous,"Herr, straf mich nicht in deinem Zorn","Crüger, Johann",4606a,Unknown,0
222,Nun preiset alle Gottes Barmherzigkeit,chor222.krn,222/short_score.mxl,,391,391,,222,222,222,Nun preiset alle Gottes Barmherzigkeit,"Löwenstern, Matthäus Apelles von",Nun prieset alle Gottes Barmherzigkeit,"Löwenstern, Matthäus Apelles von",4089,Unknown,0
223,"Ich dank dir, Gott, für all Wohlat",chor223.krn,223/short_score.mxl,,346,346,,223,223,223,Ich dank dir Gott für all Wohltat,"Freder, Johann",Ich dank dir Gott für all Wohltat,Eisleben 1568,8090ab,Unknown,0
224,Das walt Gott Vater und Gott Sohn,chor224.krn,224/short_score.mxl,,290,290,,224,224,224,Das walt Gott Vater und Gott Sohn,"Behm, Martin",Das walt Gott Vater und Gott,Leipzig 1713,673,Unknown,0
225,"Gott, der du selber bist das Licht",chor225.krn,225/short_score.mxl,,316,316,,225,225,225,"Gott, der du selber bist das Licht","Rist, Johann","Gott, der du selber bist das Licht","Crüger, Johann",5814,Unknown,0
226,"Herr Jesu Christ, du hast bereit't",chor226.krn,226/short_score.mxl,,333,333,,226,226,226,"Herr Jesu Christ, du hast bereitt","Kinner, Samuel","Herr Jesu Christ, du hast bereitt",Anonymous,4711,Unknown,0
227,"Lobet den Herren, denn er ist freundlich",chor227.krn,227/short_score.mxl,,374,374,,227,227,227,"Lobet den Herren, denn er ist sehr freundlich",Dresden 1568,"Lobet den Herren, denn er ist sehr freundlich","Scandelli, Antonio",975,Unknown,0
228,"Danket dem Herren, denn er ist sehr freundlich",chor228.krn,228/short_score.mxl,,286,286,,228,228,228,Danket dem Herren,"Horn, Johann",Danket dem Herren,Nürnberg 1544*,12,Unknown,0
229,"Ich danke dir, o Gott, in deinem Throne",chor229.krn,229/short_score.mxl,,350,350,,229,229,229,"Ich danke dir, o Gott in deinem Throne","Fabricius, Jakob",Mein Hüter und mein Hirt ist Gott der Herre,"Bourgeois, Louis",3199,Unknown,0
230,"Christ, der du bist der helle Tag",chor230.krn,230/short_score.mxl,,273,273,,230,230,230,"Christ, der du bist der helle Tag","Alber, Erasmus","Christ, der du bist der helle Tag",Eisleben 1568,384,Unknown,0
231,Die Nacht ist kommen,chor231.krn,231/short_score.mxl,,296,296,,231,231,231,Die Nacht ist kommen,"Herbert, Petrus",Die Nacht ist kommen,Bohemian Brethren 1566*,5001,Unknown,0
232,Die Sonn hat sich mit ihrem Glanz,chor232.krn,232/short_score.mxl,,297,297,,232,232,232,Die Sinn hat sich mit ihrem Glanz,"Stegmann, Joshua","O höchster Gott, o unser lieber Herre",Leipzig 1592*,923,Unknown,0
233,"Werde munter, mein Gemüte",chor233.krn,233/short_score.mxl,,154.3,154.3,127,233,233,233,"Jesu, meiner Seelen Wonne (2)","Jahn, Martin",Werde munter mein Gemüte,"Schop, Johann",6551,1st Sunday after Epiphany,"6 (55.5, 146.8, 147.6=147.10, 244.40, 359, 360)"
234,Gott lebet noch,chor234.krn,234/short_score.mxl,,320,320,,234,234,234,Gott lebet noch,"Zihn, Johann Friedrich",Gott lebet noch,Halle 1704,7951,Unknown,0
235,"Heilig, heilig",chor235.krn,235/short_score.mxl,,325,325,,235 =318,235,235 =319,"Heilig, heilig [German Sanctus]",German trans. of Sanctus,"Heilig, heilig",Steinau 1726*,8633,Unknown,0
236,"O Jesu, du mein Bräutigam",chor236.krn,236/short_score.mxl,,335,335,83,236 =294,236,236 =295,"Herr Jesu Christ, meins Lebens Licht (for B236)","Behm, Martin","Herr Jesu Christ, meins Lebens Licht (melody #1)",Anonymous,314,Unknown,0
237,"Was betrübst du dich, mein Herze",chor237.krn,237/short_score.mxl,,423,423,,237,237,237,"Was betrübst du dich, mein Herz","Hermann, Zacharias","Was betrübst du dich, mein Herz",Anonymous,6830,Unknown,0
238,Es wind schier der letzte Tag,chor238.krn,238/short_score.mxl,,310,310,,238,238,238,Es wird schier der letzte Tag herkommen,"Weisse, Michael",Es wird schier der letzte Tag herkommen,"Weisse, Michael",1423,Unknown,0
239,Den Veter dort oben,chor239.krn,239/short_score.mxl,,292,292,,239,239,239,Den Vater dort oben,"Weisse, Michael",Den Vater dort oben,"Weisse, Michael",4795,Unknown,0
240,Nun sich der Tag geendet hat,chor240.krn,240/short_score.mxl,,396,396,,240,240,240,Nun sich der Tag geendet hat,"Krieger, Adam",Nun sich der Tag geendet hat,"Krieger, Adam",212,Unknown,0
241,"Was willst du dich, o meine Seele",chor241.krn,241/short_score.mxl,,425,425,,241,241,241,"Was willst du dich, o meine Seele, kränken","Werder, Dietrich von dem","Was willst du dich, o meine Seele, kränken",Leipzig 1682,7844,Unknown,0
242,"Wie bist du, Seele, in mir so gar betrübt",chor242.krn,242/short_score.mxl,,435,435,,242,242,242,"Wie bist du, Seele, in mir so gar betrübt","Zeutschner, Tobias","Wie bist du, Seele, in mir so gar betrübt","Brunmann, Christian (pseudo. for Martin Hanke)",4092,Unknown,0
243,"Jesu, du mein liebstes Leben",chor243.krn,243/short_score.mxl,,356,356,,243,243,243,"Jesu, du mein liebstes Leben","Rist, Johann","Jesu, du mein liebstes Leben","Schop, Johann",7891,Unknown,0
244,"Jesu, Jesu, du bist mein",chor244.krn,244/short_score.mxl,,357,357,,244,244,244,"Jesu, Jesu, du bist mein",Anonymous,"Jesu, Jesu, du bist mein","Bach, J.S.?",6446,Unknown,0
245,"Christe, der du bist Tag und Licht",chor245.krn,245/short_score.mxl,,274,274,,245,245,245,"Christe, der du bist Tag und Licht",Wittenberg 1526,"Christe, der du bist Tag und Licht","Luther, Martin*",343,Unknown,0
246,Singt dem Herrn ein neues Lied,chor246.krn,246/short_score.mxl,,411,411,,246,246,246,Singt dem Herrn ein neues Lied,"Löwenstern, Matthäus Apelles von",Singt dem Herrn ein neues Lied,"Löwenstern, Matthäus Apelles von",6424,Unknown,0
247,Wenn wir in höchsten Nöten sein,chor247.krn,247/short_score.mxl,,432,432,,247,247,247,Wenn wir in höchsten Nöten sein,"Eber, Paul",Wenn wir in höchsten Nöten sein,"Franc, Guillaume*",394,Unknown,1 (431)
248,Sei Lob und Ehr dem höchsten Gut,chor248.krn,248/short_score.mxl,,117.4,117.4 =117.9,1 =100,248 =353,248,248 =354,Sei Lob und Ehr dem höchsten Gut (4),"Schütz, Johann Jakob?",Es ist das Heil uns kommen her,Nürnberg 1523*,4430,Unknown,"4 (9.7, 86.6, 155.5, 251)"
249,Allein Gott in der Höh sei Ehr,chor249.krn,249/short_score.mxl,,260,260,2,249,249,249,Allein Gott in der Höh sei Ehr,"Decius, Nikolaus",Allein Gott in der Höh sei Ehr,"Decius, Nikolaus*",4457,Unknown,"2 (104.6, 112.5)"
250,Ein feste Burg ist unser Gott,chor250.krn,250/short_score.mxl,,303,303,3,250,250,250,Ein feste Burg ist unser Gott,"Luther, Martin",Ein feste Burg ist unser Gott,"Luther, Martin",7377,Unknown,"2 (80.8, 302)"
251,"Ich bin ja, Herr, in deiner Macht",chor251.krn,251/short_score.mxl,,345,345,9,251,251,251,"Ich bin ja, Herr, in deiner Macht","Dach, Simon","Ich bin ja, Herr, in deiner Macht","Bach, J.S.",5869,Unknown,0
252,"Jesu, nun sei gepreiset",chor252.krn,252/short_score.mxl,,362,362,7,252,252,252,"Jesu, nun sei gepreiset","Herman, Johannes","Jesu, nun sei gepreiset",Wittenberg 1591,8477a,Unknown,"3 (41.6, 171.6, 190.7)"
253,Ach Gott vom Himmel sieh darein,chor253.krn,253/short_score.mxl,,77.6,77.6,10,253,253,253,"O Gottes Sohn, Herr Jesu Christ (8)","Denicke, David","Ach Gott, vom Himmel sieh darein",Erfurt 1524*,4431,13th Sunday after Trinity,"2 (2.6, 153.1)"
254,"Weg, mein Herz, mit den Gedanken",chor254.krn,254/short_score.mxl,,25.6,25.6,11,254 =282,254,254 =282,"Treuer Gott, ich muss dir klagen (12)","Heermann, Johann","Freu dich sehr, o meine Seele",Geneva 1551*,6543,14th Sunday after Trinity,"6 (19.7, 30.6, 32.6, 39.7, 70.7, 194.6)"
255,Was frag ich nach der Welt,chor255.krn,255/short_score.mxl,,64.4,64.4,14,255,255,255,Was frag ich nach der Welt (1),"Kindermann, Balthasar","O Gott, du frommer Gott (melody #3)","Fritsch, Ahasverus*",5206b,3rd Day of Christmas,"7 (45.7, 94.8, 128.5, 129.5, 197a.7, 398, 1125)"
256,"Jesu, deine tiefen Wunden",chor256.krn,256/short_score.mxl,,194.6,(194.06),(18),256 =63,256,256 =64,"Treuer Gott, ich muss dir klagen (6)","Heermann, Johann","Freu dich sehr, o meine Seele",Geneva 1551*,6543,Dedication of Church and Organ,"6 (19.7, 25.6, 30.6, 32.6, 39.7, 70.7)"
257,"Nun laßt uns Gott, dem Herren",chor257.krn,257/short_score.mxl,,194.12,(194.12),(19),257 =93,257,257 =93,"Wach auf, mein Herz, und singe","Gerhardt, Paul",Nun lasst uns Gott dem Herren,"Selnecker, Nikolaus",159,Dedication of Church and Organ,"2 (79.6, 165.6)"
258,Mein' Augen schließ ich jetzt,chor258.krn,258/short_score.mxl,,378,378,,258,258,258,Mein Augen schließ ich jetzt,"Löwenstern, Matthäus Apelles von",Mein Augen schließ ich jetzt,"Löwenstern, Matthäus Apelles von",1067,Unknown,0
259,Verleih uns Frieden gnädiglich,chor259.krn,259/short_score.mxl,,42.7,(42.7),(20),259 =91,259,259 =91,Verleih uns Frieden gnädiglich,"Luther, Martin",Verleih uns Frieden gnädiglich,Wittenberg 1529*,1945,Quasimodigeniti (1st Sunday after Easter),1 (126.6)
260,Es ist gewißlich an der Zeit,chor260.krn,260/short_score.mxl,,307,307,22,260,260,260,Es ist gewisslich an der Zeit,"Ringwaldt, Bartholomäus*","Nun freut euch, lieben Christen gmein (melody #2)",Wittenberg 1529*,4429a,Unknown,1 (248.59)
261,Christ lag in Todesbanden,chor261.krn,261/short_score.mxl,,279,279,,261,261,261,Christ lag in Todesbanden,"Luther, Martin",Christ lag in Todesbanden,"Luther, Martin*",7012a,Unknown,"4 (4.8, 158.4, 277, 278)"
262,Ach Gott vom Himmel sieh darein,chor262.krn,262/short_score.mxl,,2.6,2.6,26,262,262,262,"Ach Gott, vom Himmel sieh darein (6)","Luther, Martin","Ach Gott, vom Himmel sieh darein",Erfurt 1524*,4431,2nd Sunday after Trinity,"2 (77.6, 153.1)"
263,"Jesu, meine Freude",chor263.krn,263/short_score.mxl,,227.1,227.1 =227.11,31,263,263,263,"Jesu, meine Freude (1,6)","Franck, Johann","Jesu, meine Freude","Crüger, Johann",8032,Unknown,"6 (64.8, 81.7, 87.7, 227.3, 227.7, 358)"
264,Jesu meines Herzens Freud,chor264.krn,264/short_score.mxl,,361,361,42,264,264,264,"Jesu, meines Herzens Freud","Flittner, Johann","Jesu, meines Herzens Freud","Ahle, Johann Rudolph","4797, 4798d",Unknown,0
265,"Was mein Gott will, das g'schen allzeit",chor265.krn,265/short_score.mxl,,144.6,144.6,44,265,265,265,"Was mein will, das gscheh allzeit (1)","Brandenberg, Markgraf Albrecht von","Was mein Gott will, das gscheh allzeit",Antwerp 1540*,7568,Septuagesima,"6 (65.7, 72.6, 92.9, 103.6, 111.6, 244.25)"
266,"Herr Jesu Christ, du höchstes Gut",chor266.krn,266/short_score.mxl,,48.7,48.7,40,266,266,266,"Herr Jesu Christ, ich schrei zu dir (12)",Freiberg 1670,"Herr Jesu Christ, du höchstes Gut",Görlitz 1587*,4486,19th Sunday after Trinity,"4 (113.1, 113.8, 168.6, 334)"
267,Vater unser im Himmelreich,chor267.krn,267/short_score.mxl,,90.5,90.5,41,267,267,267,"Nimm von uns, Herr, du treuer Gott (7)","Moller, Martin",Vater unser im Himmelreich,Leipzig 1539,3561,25th Sunday after Trinity,"4 (101.7, 102.7, 245.5, 416)"
268,"Nun lob, mein Seel, den Herren",chor268.krn,268/short_score.mxl,,389,389,39,268,268,268,"Nun lob, mein Seel, den Herren","Gramann, Johann","Nun lob, mein Seel, den Herren","Kugelmann, Hans*",8244,Unknown,"4 (17.7, 29.8, 167.5, 390)"
269,"Jesu, der du meine Seele",chor269.krn,269/short_score.mxl,,353,353,29,269,269,269,"Jesu, der du meine Seele","Rist, Johann","Jesu, der du meine Seele",Frankfurt 1662*,6804,Unknown,"4 (78.7, 105.6, 352, 354)"
270,Befiehl du deine Wege,chor270.krn,270/short_score.mxl,,161.6,161.6,34,270,270,270,Herzlich tut mich verlangen (4),"Knoll, Christoph",Befiehl du deine Wege (melody #1),"Hassler, Hans Leo",5385a,16th Sunday after Trinity,"11 (135.6, 153.5, 244.15, 244.17, 244.44, 244.54, 244.62, 248.5, 248.64, 270, 271)"
271,Gib dich zufrieden und sei stille,chor271.krn,271/short_score.mxl,,315,315,48,271,271,271,Gib dich zufrieden und sei stille,"Gerhardt, Paul",Gib dich zufrieden und sei stille,"Bach, J.S.?",7417a,Unknown,0
272,"Ich dank dir, lieber Herre",chor272.krn,272/short_score.mxl,,348,348,49,272,272,272,"Ich dank dir, lieber Herre","Kolros, Johann","Ich dank dir, lieber Herre",Anonymous,5354b,Unknown,"2 (37.6, 347)"
273,Ein feste Burg ist unser Gott,chor273.krn,273/short_score.mxl,,80.8,80.8,35,273,273,273,Ein feste Burg ist unser Gott (4),"Luther, Martin",Ein feste Burg ist unser Gott,"Luther, Martin",7377,Feast of Reformation,"2 (302, 303)"
274,"O Ewigkeit, du Donnerwort",chor274.krn,274/short_score.mxl,,397,397,23,274,274,274,"O Ewigkeit, du Donnerwort","Rist, Johann","O Ewigkeit, du Donnerwort","Crüger, Johann*",5820,Unknown,1 (20.7=20.11)
275,"O Welt, sieh hier dein Leben",chor275.krn,275/short_score.mxl,,393,393,57,275,275,275,"O Welt, sieh hier dein Leben","Gerhardt, Paul","O Welt, ich muss dich lassen",Anonymous,2293b,Unknown,"9 (13.6, 44.7, 97.9, 244.10, 244.37, 245.11, 392, 394, 395)"
276,"Lobt Gott, ihr Christen allzugleich",chor276.krn,276/short_score.mxl,,375,375,58,276,276,276,"Lobt Gott, ihr Christen, allzugleich","Herman, Nikolaus","Kommt her, ihr lieben Schwesterlein","Herman, Nikolaus*",198,Unknown,"3 (151.5, 195.6, 376)"
277,"Herzlich lieb hab ich dich, o Herr",chor277.krn,277/short_score.mxl,,340,340,53,277,277,277,"Herzlich lieb hab ich dich, o Herr","Schalling, Martin","Herzlich lieb hab ich dich, o Herr",Straßburg 1577,8326,Unknown,"3 (149.7, 174.5, 245.40)"
278,Wie schön leuchtet der Morgenstern,chor278.krn,278/short_score.mxl,,436,436,59,278,278,278,Wie schön leuchtet der Morgenstern,"Nicolai, Philipp",Wie schön leuchtet der Morgenstern,"Nicolai, Philipp",8359,Unknown,"3 (1.6, 36.4, 172.6)"
279,Ach Gott und Herr,chor279.krn,279/short_score.mxl,,48.3,48.3,37,279,279,279,Ach Gott und Herr (4),"Rutilius, Martin",Ach Gott und Herr,Freiberg 1655*,2051,19th Sunday after Trinity,1 (255)
280,"Eins ist not, ach Herr, dies eine",chor280.krn,280/short_score.mxl,,304,304,45,280,280,280,"Eins ist not, ach Herr, dies Eine","Schröder, Johann Heinrich","Eins ist not, ach Herr, dies Eine",Halle 1704*,7127,Unknown,0
281,Wo soll ich fliehen hin,chor281.krn,281/short_score.mxl,,89.6,89.6,,281,281,281,Wo soll ich fliehen hin (7),"Heermann, Johann",Wo soll ich fliehen hin,"Gesius, Bartholomäus*",2164,22nd Sunday after Trinity,"4 (5.7, 136.6, 148.6, 188.6)"
282,"Freu dich sehr, o meine Seele",chor282.krn,282/short_score.mxl,,25.6,(25.6),(11),282 =254,282,282 =254,"Treuer Gott, ich muss dir klagen","Heermann, Johann","Freu dich sehr, o meine Seele",Geneva 1551*,6543,14th Sunday after Trinity,"6 (19.7, 30.6, 32.6, 39.7, 70.7, 194.6)"
283,"Jesu, meine Freude",chor283.krn,283/short_score.mxl,,227.7,227.7,21,283.1,283,283,"Jesu, meine Freude (4)","Franck, Johann","Jesu, meine Freude","Crüger, Johann",8032,Unknown,"6 (64.8, 81.7, 87.7, 227.1=227.11, 227.3, 358)"
284,"Herr Jesu Christ, wahr Mensch und Gott",chor284.krn,284/short_score.mxl,,127.5,127.5,60,283.2,283,284,"Herr Jesu Christ, wahr Mensch und Gott (8)","Eber, Paul",Wenn einer schon ein Haus aufbaut,"Bourgeois, Louis",2570,Quinquagesima,0
285,Wär Gott nicht mit uns diese Zeit,chor285.krn,285/short_score.mxl,,257,257,61,284,284,285,Wär Gott nicht mit uns diese Zeit,"Luther, Martin",Wo Gott der Herr nicht bei uns hält,Wittenberg 1529,4441a,Unknown,"4 (114.7, 178.7, 256, 258)"
286,Befiehl du deine Wege,chor286.krn,286/short_score.mxl,,270,270,62,285,285,286,Befiehl du deine Wege,"Gerhardt, Paul",Befiehl du deine Wege (melody #1),"Hassler, Hans Leo",5385a,Unknown,"11 (135.6, 153.5, 161.6, 244.15, 244.17, 244.44, 244.54, 244.62, 248.5, 248.64, 271)"
287,"Herr, ich habe mißgehandelt",chor287.krn,287/short_score.mxl,,331,331,63,286,286,287,"Herr, ich habe missgehandelt","Franck, Johann","Herr, ich habe missgehandelt","Crüger, Johann",3695,Unknown,1 (330)
288,"Gelobet seist du, Jesu Christ",chor288.krn,288/short_score.mxl,,314,314,65,287,287,288,"Gelobet seist du, Jesu Christ","Luther, Martin","Gelobet seist du, Jesu Christ",Wittenberg 1524*,1947,Unknown,"3 (64.2, 91.6, 248.28)"
289,Nun ruhen alle Wälder,chor289.krn,289/short_score.mxl,,392,392,,288,288,289,Nun ruhen alle Wälder,"Gerhardt, Paul","O Welt, ich muss dich lassen",Anonymous,2293b,Unknown,"9 (13.6, 44.7, 97.9, 244.10, 244.37, 245.11, 393, 394, 395)"
290,Es ist das Heil uns kommen her,chor290.krn,290/short_score.mxl,,9.7,9.7,70,289,289,290,"Es ist das Heil uns kommen her (7,8)","Speratus, Paul",Es ist das Heil uns kommen her,Nürnberg 1523*,4430,6th Sunday after Trinity,"4 (86.6, 117.4=117.9, 155.5, 251)"
291,Was frag ich nach der Welt,chor291.krn,291/short_score.mxl,,94.8,94.8,72,290,290,291,"Was frag ich nach der Welt (7,8)","Kindermann, Balthasar","O Gott, du frommer Gott (melody #3)","Fritsch, Ahasverus*",5206b,9th Sunday after Trinity,"7 (45.7, 64.4, 128.5, 129.5, 197a.7, 398, 1125)"
292,"Nimm von uns, Herr, du treuer Gott",chor292.krn,292/short_score.mxl,,101.7,101.7,73,291,291,292,"Nimm von uns, Herr, du treuer Gott (7)","Moller, Martin",Vater unser im Himmelreich,Leipzig 1539,3561,10th Sunday after Trinity,"4 (90.5, 102.7, 245.5, 416)"
293,"Was Gott tut, das ist wohlgetan",chor293.krn,293/short_score.mxl,,69a.6,69a.6,76,292,292,293,"Was Gott tut, das ist wohlgetan (6)","Rodigast, Samuel","Was Gott tut, das ist wohlgetan","Gastorius, Severus",5629,12th Sunday after Trinity,"6 (12.7, 75.7=75.14, 99.6, 100.6, 144.3, 250)"
294,"Herr Jesu Christ, du höchstes Gut",chor294.krn,294/short_score.mxl,,113.8,113.8,74,293,293,294,"Herr Jesu Christ, du höchstes Gut (8)","Ringwaldt, Bartholomäus","Herr Jesu Christ, du höchstes Gut",Görlitz 1587*,4486,11th Sunday after Trinity,"4 (48.7, 113.1, 168.6, 334)"
295,"Herr Jesu Christ, mein's Lebens Licht",chor295.krn,295/short_score.mxl,,335,(335),(83),294 =236,294,295 =236,"O Jesu, du mein Bräutigam (for B294)",Anonymous,"Herr Jesu Christ, meins Lebens Licht (melody #1)",Anonymous,314,Unknown,0
296,"Nun lob, mein Seel, den Herren",chor296.krn,296/short_score.mxl,,390,390,81,295,295,296,"Nun lob, mein Seel, den Herren","Gramann, Johann","Nun lob, mein Seel, den Herren","Kugelmann, Hans*",8244,Unknown,"4 (17.7, 29.8, 167.5, 389)"
297,"Jesu, der du meine Seele",chor297.krn,297/short_score.mxl,,78.7,78.7,84,296,296,297,"Jesu, der du meine Seele (12)","Rist, Johann","Jesu, der du meine Seele",Frankfurt 1662*,6804,14th Sunday after Trinity,"4 (105.6, 352, 353, 354)"
298,"Weg, mein Herz, mit den Gedanken",chor298.krn,298/short_score.mxl,,19.7,19.7,87,297,297,298,"Freu dich sehr, o meine Seele (9)",Anonymous,"Freu dich sehr, o meine Seele",Geneva 1551*,6543,Feast of the Archangel Michael,"6 (25.6, 30.6, 32.6, 39.7, 70.7, 194.6)"
299,"Meinen Jesum laß ich nicht, weil",chor299.krn,299/short_score.mxl,,380,380,86,298,298,299,Meinen Jesum lass ich nicht,"Keymann, Christian",Meinen Jesum lass ich nicht,"Hammerschmidt, Andreas",3449,Unknown,"5 (70.11, 124.6, 154.8, 157.5, 244b.29)"
300,"Warum betrübst du dich, mein Herz",chor300.krn,300/short_score.mxl,,421,421,90,299,299,300,"Warum betrübst du dich, mein Herz",Anonymous,"Warum betrübst du dich, mein Herz",Frankfurt/Main 1557,1689,Unknown,"2 (47.5, 420)"
301,"Ach lieben Christen, seid getrost",chor301.krn,301/short_score.mxl,,114.7,114.7,91,300,300,301,"Ach, lieben Christen, seid getrost (6)","Gigas, Johann",Wo Gott der Herr nicht bei uns hält,Wittenberg 1529,4441a,17th Sunday after Trinity,"4 (178.7, 256, 257, 258)"
302,"Hilf, Gott, laß mir's gelingen",chor302.krn,302/short_score.mxl,,343,(343),,301 =199,301,302 =199,"Hilf, Gott, dass mirs gelinge","Müller, Heinrich","Hilf, Gott, dass mirs gelinge",Leipzig 1545,4329,Unknown,0
303,"Herr Christ, der ein'ge Gotts Sohn",chor303.krn,303/short_score.mxl,,96.6,96.6,92,302,302,303,"Herr Christ, der einge Gottessohn (5)","Creutziger, Elisabeth","Herr Christ, der einge Gottessohn",Erfurt 1524*,4297a,18th Sunday after Trinity,"2 (22.5, 164.6)"
304,Auf meinen lieben Gott,chor304.krn,304/short_score.mxl,,5.7,5.7,93,303,303,304,Wo soll ich fliehen hin (11),"Heermann, Johann",Wo soll ich fliehen hin,"Gesius, Bartholomäus*",2164,19th Sunday after Trinity,"4 (89.6, 136.6, 148.6, 188.6)"
305,Wie schön leuchtet der Morgenstern,chor305.krn,305/short_score.mxl,,36.4,(36.4),(33),304 =85 =195,304,305 =86 =195,Wie schön leuchtet der Morgenstern (6),"Nicolai, Philipp",Wie schön leuchtet der Morgenstern,"Nicolai, Philipp",8359,1st Sunday in Advent,"3 (1.6, 172.6, 436)"
306,"O Mensch, bewein dein' Sünde groß",chor306.krn,306/short_score.mxl,,402,(402),,305 =201,305,306 =201,"O Mensch, bewein dein Sünde groß","Heyden, Sebald","Es sind doch selig alle, die im rechten Glauben wandeln","Greitter, Matthias",8303,Unknown,0
307,"Christus, der uns selig macht",chor307.krn,307/short_score.mxl,,283,(283),,306 =198,306,307 =198,"Christus, der uns selig macht","Weisse, Michael","Christus, der uns selig macht",Leipzig c.1500,6285,Unknown,"3 (245.15, 245.37, 1084)"
308,"Ach Gott, wie manches Herzeleid",chor308.krn,308/short_score.mxl,,3.6,(3.6),(28),307 =156,307,308 =156,"Ach Gott, wie manches Herzeleid","Moller, Martin","Herr Jesu Christ, meins Lebens Licht (melody #2)",Leipzig 1625,533a,2nd Sunday after Epiphany,1 (153.9)
309,Ein Lämmelein geht und trägt die Schuld,chor309.krn,309/short_score.mxl,,267,(267),(144),308 =5,308,309 =5,Ein Lämmlein geht und trägt die Schuld (for B5),"Gerhardt, Paul",An Wasserflüssen Babylon,"Greitter, Matthias",7663,Unknown,0
310,"Mach's mit mir, Gott, nach deiner Güt",chor310.krn,310/short_score.mxl,,245.22,245.22,,309,309,310,"Durch dein Gefängis, Gottes Sohn","Postel, Christian Heinrich","Machs mit mir, Gott, nach deiner Güt","Schein, Johann Hermann",2383,Good Friday,"2 (139.6, 377)"
311,Dank sei Gott in der Höhe,chor311.krn,311/short_score.mxl,,287,287,,310,310,311,Dank sei Gott in der Höhe,"Mühlmann, Johannes","Jesus Christ, unser Herre","Gesius, Bartholomäus",5391,Unknown,0
312,"O Gott, du frommer Gott",chor312.krn,312/short_score.mxl,,398,398,,311,311,312,"O Gott, du frommer Gott","Heermann, Johann","O Gott, du frommer Gott (melody #3)","Fritsch, Ahasverus*",5206b,Unknown,"7 (45.7, 64.4, 94.8, 128.5, 129.5, 197a.7, 1125)"
313,Allein Gott in der Höh sei Ehr,chor313.krn,313/short_score.mxl,,112.5,112.5,101,312 =352,312,313 =353,Der Herr ist mein getreuer Hirt (5),"Becker, Cornelius",Allein Gott in der Höh sei Ehr,"Decius, Nikolaus*",4457,Misericordias Domini (2nd Sunday after Easter),"2 (104.6, 260)"
314,Das alte Jahr vergangen ist,chor314.krn,314/short_score.mxl,,289,289,,313,313,314,Das alte Jahr vergangen ist,Erfurt 1568,Das alte Jahr vergangen ist,"Steuerlein, Johann",381c,Unknown,1 (288)
315,"O Gott, du frommer Gott",chor315.krn,315/short_score.mxl,,399,399,,314,314,315,"O Gott, du frommer Gott","Heermann, Johann","O Gott, du frommer Gott (melody #2)",Regensburg 1675*,5148,Unknown,1 (24.6)
316,"Christus, der ist mein Leben",chor316.krn,316/short_score.mxl,,282,282,,315,315,316,"Christus, der ist mein Leben",Geneva 1609,"Christus, der ist mein Leben","Vulpius, Melchior",132,Unknown,1 (281)
317,"Herr, wie du willt, so schick's mit mir",chor317.krn,317/short_score.mxl,,156.6,156.6,,316,316,317,"Herr, wie du willst, so schicks mit mir (1)","Bienemann, Kaspar",Aus tiefer Not schrei ich zu dir (melody #2),"Dachstein, Wolfgang",4438,3rd Sunday after Epiphany,1 (339)
318,"Herr wie du willst, so schick's mit mir",chor318.krn,318/short_score.mxl,,339,(339),,317 =144,317,318 =144,"Herr, wie du willst, so schicks mit mir","Bienemann, Kaspar",Aus tiefer Not schrei ich zu dir (melody #2),"Dachstein, Wolfgang",4438,Unknown,1 (156.6)
319,"Sanctus, sanctus Dominus Deus Sabaoth",chor319.krn,319/short_score.mxl,,325,(325),,318 =235,318,319 =235,"Heilig, heilig [German Sanctus]",German trans. of Sanctus,"Heilig, heilig",Steinau 1726*,8633,Unknown,0
320,Gott sei uns gnädig und barmherzig,chor320.krn,320/short_score.mxl,,323,323,,319,319,320,Gott sei uns gnädig und barmherzig,Anonymous,Meine Seel erhebt den Herren [The German Magnificat],Wittenberg 1535*,7372,Unknown,"2 (10.7, 324)"
321,Wir Christenleut,chor321.krn,321/short_score.mxl,,40.3,40.3,,320,320,321,Wir Christenleut habn jetzund Freud (3),"Füger, Kaspar",Wir Christenleut habn jetzund Freud,"Füger, Kaspar",2072,2nd Day of Christmas,"2 (110.7, 248.35)"
322,Wenn mein Stündlein vorhanden ist,chor322.krn,322/short_score.mxl,,428,428,,321,321,322,Wenn mein Stündlein vorhanden ist,"Herman, Nikolaus",Wenn mein Stündlein vorhanden ist,Frankfurt/Main 1569,4482ab,Unknown,"4 (31.9, 95.7, 429, 430)"
323,Wie schön leuchtet der Morgenstern,chor323.krn,323/short_score.mxl,,172.6,172.6,,322,322,323,Wie schön leuchtet der Morgenstern (4),"Nicolai, Philipp",Wie schön leuchtet der Morgenstern,"Nicolai, Philipp",8359,Whit Sunday,"3 (1.6, 36.4, 436)"
324,"Jesu, meine Freude",chor324.krn,324/short_score.mxl,,81.7,81.7,,323,323,324,"Jesu, meine Freude (2)","Franck, Johann","Jesu, meine Freude","Crüger, Johann",8032,4th Sunday after Epiphany,"6 (64.8, 87.7, 227.1=227.11, 227.3, 227.7, 358)"
325,Mit Fried und Freud ich fahr dahin,chor325.krn,325/short_score.mxl,,83.5,83.5,,324,324,325,Mit Fried und Freud ich fahr dahin (4),"Luther, Martin",Mit Fried und Freud ich fahr dahin,Wittenberg 1524,3986,Feast of the Purification of Mary,"2 (125.6, 382)"
326,Allein Gott in der Höh sei Ehr,chor326.krn,326/short_score.mxl,,104.6,(104.6),,325 =125,325,326 =125,Der Herr ist mein getreuer Hirt,"Becker, Cornelius",Allein Gott in der Höh sei Ehr,"Decius, Nikolaus*",4457,Misericordias Domini,"2 (112.5, 260)"
327,"Jesu, nun sei gepreiset",chor327.krn,327/short_score.mxl,,190.7,190.7,,326,326,327,"Jesu, nun sei gepreiset (2)","Herman, Johannes","Jesu, nun sei gepreiset",Wittenberg 1591,8477a,New Year’s Day,"3 (41.6, 171.6, 362)"
328,"Liebster Jesu, wir sind hier",chor328.krn,328/short_score.mxl,,373,(373),,327 =131,327,328 =131,"Liebster Jesu, wir sind hier","Clausnizer, Tobias","Liebster Jesu, wir sind hier","Briegel, Wolfgang Carl*",3498,Unknown,0
329,Sei Lob und Ehr dem höchsten Gut,chor329.krn,329/short_score.mxl,,251,251,,328,328,329,Sei Lob und Ehr dem höchsten Gut,"Schütz, Johann Jakob?",Es ist das Heil uns kommen her,Nürnberg 1523*,4430,Wedding,"4 (9.7, 86.6, 117.4=117.9, 155.5)"
330,Nun danket alle Gott,chor330.krn,330/short_score.mxl,,252,252,,329,329,330,Nun danket alle Gott,"Rinckart, Martin",Nun danket alle Gott,"Crüger, Johann",5142,Wedding,"2 (79.3, 386)"
331,Wo soll ich fliehen hin,chor331.krn,331/short_score.mxl,,136.6,136.6,,330,330,331,Wo soll ich fliehen hin (9),"Heermann, Johann",Wo soll ich fliehen hin,"Gesius, Bartholomäus*",2164,8th Sunday after Trinity,"4 (5.7, 89.6, 148.6, 188.6)"
332,Von Gott will ich nicht lassen,chor332.krn,332/short_score.mxl,,418,418,,331,331,332,Von Gott will ich nicht lassen,"Helmbold, Ludwig",Von Gott will ich nicht lassen,Erfurt 1563*,5264b,Unknown,"4 (73.5, 107.7, 417, 419)"
333,Es woll' uns Gott genädig sein,chor333.krn,333/short_score.mxl,,69.6,69.6,,332,332,333,Es woll uns Gott genädig sein (3),"Luther, Martin",Es woll uns Gott genädig sein,"Greitter, Matthias",7247,Town Council Inauguration,"3 (76.7=76.14, 311, 312)"
334,Für deinen Thron tret ich hiermit,chor334.krn,334/short_score.mxl,,327,327,,333,333,334,Vor deinen Thron tret ich hiermit,"Hodenberg, Bobo von","Herr Gott, dich loben alle wir",Geneva 1551*,368,Unknown,"2 (130.6, 326)"
335,Es ist das Heil uns kommen her,chor335.krn,335/short_score.mxl,,155.5,155.5,,334,334,335,Es ist das Heil uns kommen her (12),"Speratus, Paul",Es ist das Heil uns kommen her,Nürnberg 1523*,4430,2nd Sunday after Epiphany,"4 (9.7, 86.6, 117.4=117.9, 251)"
336,"Wo Gott, der Herr, mich bei uns hält",chor336.krn,336/short_score.mxl,,258,258,,335,335,336,Wo Gott der Herr nicht bei uns hält,"Jonas, Justus",Wo Gott der Herr nicht bei uns hält,Wittenberg 1529,4441a,Unknown,"4 (114.7, 178.7, 256, 257)"
337,"O Gott, du frommer Gott",chor337.krn,337/short_score.mxl,,24.6,24.6,,336,336,337,"O Gott, du frommer Gott (1)","Heermann, Johann","O Gott, du frommer Gott (melody #2)","Regensburg 1675, Meiningen 1693",5148,4th Sunday after Trinity,1 (399)
338,"Jesus, meine Zuversicht",chor338.krn,338/short_score.mxl,,145-a,145a,,337,337,338,"Auf, mein Herz, des Herren Tag (1)","Neumann, Kaspar","Jesus, meine Zuversicht",Berlin 1653,3432,Easter Tuesday,1 (365)
339,Wer nur den lieben Gott laßt walten,chor339.krn,339/short_score.mxl,,179.6,179.6,75,338,338,339,"Ich armer Mensch, ich armer Sünder (1)","Tietze, Christoph",Wer nur den lieben Gott lässt walten,"Neumark, Georg",2778,11th Sunday after Trinity,"6 (84.5, 88.7, 93.7, 166.6, 197.10, 434)"
340,Befiehl du deine Wege,chor340.krn,340/short_score.mxl,,272,272,,339,339,340,Befiehl du deine Wege,"Gerhardt, Paul",Befiehl du deine Wege (melody #2),"Gesius, Bartholomäus",5393,Unknown,1 (1126)
341,"Ich dank dir, lieber Herre",chor341.krn,341/short_score.mxl,,37.6,37.6,,340,340,341,"Ich dank dir, lieber Herre (4)","Kolros, Johann","Ich dank dir, lieber Herre",Anonymous,5354b,Ascension Day,"2 (347, 348)"
342,"Lobt Gott, ihr Christen allzugleich",chor342.krn,342/short_score.mxl,,376,376,,341,341,342,"Lobt Gott, ihr Christen, allzugleich","Herman, Nikolaus","Kommt her, ihr lieben Schwesterlein","Herman, Nikolaus*",198,Unknown,"3 (151.5, 195.6, 375)"
343,Nun lieget alles unter dir,chor343.krn,343/short_score.mxl,,11.6,11.6,,342,342,343,"Du Du Lebensfürst, Herr Jesu Christ (4)","Rist, Johann","Ermuntre dich, mein schwacher Geist","Schop, Johann",5741,Ascension,"2 (43.11, 248.12)"
344,"Vom Himmel hoch, da komm ich her",chor344.krn,344/short_score.mxl,,248.23,248.23,,343,343,344,"Wir singen dir, Immanuel (2)","Gerhardt, Paul","Vom Himmel hoch, da komm ich her","Luther, Martin",346,2nd Day of Christmas,"2 (248.9, 248.17)"
345,O Haupt voll Blut und Wunden,chor345.krn,345/short_score.mxl,,248.5,248.05,,344,344,345,Wie soll ich dich empfangen (1),"Gerhardt, Paul",Befiehl du deine Wege (melody #1),"Hassler, Hans Leo",5385a,Christmas Day,"11 (135.6, 153.5, 161.6, 244.15, 244.17, 244.44, 244.54, 244.62, 248.64, 270, 271)"
346,Meines Lebens letzte Zeit,chor346.krn,346/short_score.mxl,,381,381,,345,345,346,Meines Lebens letzte Zeit,Gotha 1726,Meines Lebens letzte Zeit,Gotha 1726,6380,Unknown,0
347,"Was Gott tut, das ist wohlgetan",chor347.krn,347/short_score.mxl,,250,250,,346,346,347,"Was Gott tut, das ist wohlgetan","Rodigast, Samuel","Was Gott tut, das ist wohlgetan","Gastorius, Severus",5629,Wedding,"6 (12.7, 69a.6, 75.7=75.14, 99.6, 100.6, 144.3)"
348,"Meinen Jesum laß ich nicht, weil",chor348.krn,348/short_score.mxl,,70.11,70.11,,347,347,348,Meinen Jesum lass ich nicht (5),"Keymann, Christian",Meinen Jesum lass ich nicht,"Hammerschmidt, Andreas",3449,26th Sunday after Trinity,"5 (124.6, 154.8, 157.5, 244b.29, 380)"
349,Ich hab in Gottes Herz und Sinn,chor349.krn,349/short_score.mxl,,103.6,(103.6),(102),348 =120,348,349 =120,"Barmherzger Vater, höchster Gott","Gerhardt, Paul","Was mein Gott will, das gscheh allzeit",Antwerp 1540*,7568,Jubilate (3rd Sunday after Easter),"6 (65.7, 72.6, 92.9, 111.6, 144.6, 244.25)"
350,"Jesu, meiner Freuden Freude",chor350.krn,350/short_score.mxl,,360,360,104,349,349,350,"Jesu, meiner Seelen Wonne","Jahn, Martin",Werde munter mein Gemüte,"Schop, Johann",6551,Unknown,"6 (55.5, 146.8, 147.6=147.10, 154.3, 244.40, 359)"
351,Wenn mein Stündlein vorhanden ist,chor351.krn,351/short_score.mxl,,430,430,97,350,350,351,Wenn mein Stündlein vorhanden ist,"Herman, Nikolaus",Wenn mein Stündlein vorhanden ist,Frankfurt/Main 1569,4482ab,Unknown,"4 (31.9, 95.7, 428, 429)"
352,Es woll' uns Gott genädig sein,chor352.krn,352/short_score.mxl,,312,312,99,351,351,352,Es woll uns Gott genädig sein,"Luther, Martin",Es woll uns Gott genädig sein,"Greitter, Matthias",7247,Unknown,"3 (69.6, 76.7=76.14, 311)"
353,Der Herr ist mein getreuer Hirt,chor353.krn,353/short_score.mxl,,112.5,(112.5),(101),352 =312,352,353 =313,Der Herr ist mein getreuer Hirt,"Becker, Cornelius",Allein Gott in der Höh sei Ehr,"Decius, Nikolaus*",4457,Misericordias Domini (2nd Sunday after Easter),"2 (104.6, 260)"
354,Sei Lob und Ehr dem höchsten Gut,chor354.krn,354/short_score.mxl,,117.4,(117.4 =117.9),(1= 100),353 =248,353,354 =248,Sei Lob und Ehr dem höchsten Gut,"Schütz, Johann Jakob?",Es ist das Heil uns kommen her,Nürnberg 1523*,4430,Unknown,"4 (9.7, 86.6, 155.5, 251)"
355,Nun ruhen alle Wälder,chor355.krn,355/short_score.mxl,,44.7,44.7,108,354,354,355,In allen meinen Taten (15),"Fleming, Paul","O Welt, ich muss dich lassen",Anonymous,2293b,Exuadi (Sunday after Ascension),"9 (13.6, 97.9, 244.10, 244.37, 245.11, 392, 393, 394, 395)"
356,"Jesu, meine Freude",chor356.krn,356/short_score.mxl,,358,358,115,355,355,356,"Jesu, meine Freude","Franck, Johann","Jesu, meine Freude","Crüger, Johann",8032,Unknown,"6 (64.8, 81.7, 87.7, 227.1=227.11, 227.3, 227.7)"
357,Warum sollt ich mich denn grämen,chor357.krn,357/short_score.mxl,,422,422,117,356,356,357,Warum sollt ich mich denn grämen,"Gerhardt, Paul",Warum sollt ich mich denn grämen,"Ebeling, Johann Georg",6461,Unknown,1 (248.33)
358,Meine Seele erhebet den Herrn,chor358.krn,358/short_score.mxl,,10.7,10.7,118,357,357,358,Meine Seel erhebt den Herren [The German Magnificat],Luke 1:46ff,Meine Seel erhebt den Herren [The German Magnificat],Wittenberg 1535*,,Feast of the Visitation of Mary,"2 (323, 324)"
359,"Allein zu dir, Herr Jesu Christ",chor359.krn,359/short_score.mxl,,261,261,,358,358,359,"Allein zu dir, Herr Jesu Christ","Hubert, Konrad","Allein zu dir, Herr Jesu Christ",Wittenberg c.1541,7292b,Unknown,1 (33.6)
360,Wir Christenleut,chor360.krn,360/short_score.mxl,,248.35,248.35,124,359,359,360,Lasst Furcht und Pein (4),"Runge, Christoph",Wir Christenleut habn jetzund Freud,"Füger, Kaspar",2072,3rd Day of Christmas,"2 (40.3, 110.7)"
361,"Du Lebensfurst, Herr Jesu Christ",chor361.krn,361/short_score.mxl,,248.12,(248.12),134 =119,360 =9,360,361 =9,"Ermuntre dich, mein schwacher Geist (9)","Rist, Johann","Ermuntre dich, mein schwacher Geist","Schop, Johann",5741,2nd Day of Christmas,"2 (11.6, 43.11)"
362,Es ist gewißlich an der Zeit,chor362.krn,362/short_score.mxl,,248.59,248.59,121,361,361,362,Ich steh an deiner Krippen hier (1),"Gerhardt, Paul","Nun freut euch, lieben Christen gmein (melody #2)",Wittenberg 1529*,4429a,Feast of Epiphany,1 (307)
363,"O Welt, sieh hier dein Leben",chor363.krn,363/short_score.mxl,,395,395,,362,362,363,"O Welt, sieh hier dein Leben","Gerhardt, Paul","O Welt, ich muss dich lassen",Anonymous,2293b,Unknown,"9 (13.6, 44.7, 97.9, 244.10, 244.37, 245.11, 392, 393, 394)"
364,Von Gott will ich nicht lassen,chor364.krn,364/short_score.mxl,,417,417,135,363,363,364,Von Gott will ich nicht lassen,"Helmbold, Ludwig",Von Gott will ich nicht lassen,Erfurt 1563*,5264b,Unknown,"4 (73.5, 107.7, 418, 419)"
365,Jesu meiner Seelen Wonne,chor365.krn,365/short_score.mxl,,359,359,,364,364,365,"Jesu, meiner Seelen Wonne","Jahn, Martin",Werde munter mein Gemüte,"Schop, Johann",6551,Unknown,"6 (55.5, 146.8, 147.6=147.10, 154.3, 244.40, 360)"
366,"O Welt, sieh hier dein Leben",chor366.krn,366/short_score.mxl,,394,394,141,365,365,366,"O Welt, sieh hier dein Leben","Gerhardt, Paul","O Welt, ich muss dich lassen",Anonymous,2293b,Unknown,"9 (13.6, 44.7, 97.9, 244.10, 244.37, 245.11, 392, 393, 395)"
367,Befiehl du deine Wege,chor367.krn,367/short_score.mxl,,271,271,143,366,366,367,Befiehl du deine Wege,"Gerhardt, Paul",Befiehl du deine Wege (melody #1),"Hassler, Hans Leo",5385a,Unknown,"11 (135.6, 153.5, 161.6, 244.15, 244.17, 244.44, 244.54, 244.62, 248.5, 248.64, 270)"
368,"Hilf, Herr Jesu, laß gelingen",chor368.krn,368/short_score.mxl,,248.42,248.42,146,367,367,368,"Hilf, Herr Jesu, lass gelingen (15)","Rist, Johann","Hilf, Herr Jesu, lass gelingen (melody #2)","Bach, J.S.?",,New Year’s Day,0
369,"Jesu, der du meine Seele",chor369.krn,369/short_score.mxl,,354,354,145,368,368,369,"Jesu, der du meine Seele","Rist, Johann","Jesu, der du meine Seele",Frankfurt 1662*,6804,Unknown,"4 (78.7, 105.6, 352, 353)"
370,"Kommt her zu mir, spricht Gottes Sohn",chor370.krn,370/short_score.mxl,,74.8,74.8,112,369,369,370,"Gott Vater, sende deinen Geist (2)","Gerhardt, Paul","Kommt her zu mir, spricht Gottes Sohn",Nürnberg 1534*,2496c,Whit Sunday,1 (108.6)
371,Christ lag in Todesbanden,chor371.krn,371/short_score.mxl,,278,278,133,370,370,371,Christ lag in Todesbanden,"Luther, Martin",Christ lag in Todesbanden,"Luther, Martin*",7012a,Unknown,"4 (4.8, 158.4, 277, 279)"
