piece	TimeSig	KeySig	last_mc	last_mn	length_qb	last_mc_unfolded	last_mn_unfolded	length_qb_unfolded	all_notes_qb	n_onsets	n_onset_positions	guitar_chord_count	form_label_count	label_count	composer	workTitle	movementNumber	movementTitle	workNumber	poet	lyricist	arranger	copyright	creationDate	platform	source	translator	musescore	ms3_version	subdirectory	rel_path	has_drumset	ambitus	originalFormat	staff_1_instrument	staff_1_ambitus	staff_2_instrument	staff_2_ambitus	staff_3_instrument	staff_3_ambitus	staff_4_instrument	staff_4_ambitus
chor001	1: 3/4	1: 0	23	23	63.0	31	31	84.0	252.0	223	80	0	0	0										2023-09-21	Linux			4.1.1	2.2.2.post1.dev46+gdbec962	musicxml	musicxml/chor001.mscz	False	42-74 (F#2-D5)	xml	soprn	67-74 (G4-D5)	alto	59-69 (B3-A4)	tenor	54-64 (F#3-E4)	bass	42-55 (F#2-G3)
chor002	1: 4/4	1: 0	15	15	52.0	20	20	68.0	208.0	229	79	0	0	0										2023-09-21	Linux			4.1.1	2.2.2.post1.dev46+gdbec962	musicxml	musicxml/chor002.mscz	False	40-76 (E2-E5)	xml	soprn	64-76 (E4-E5)	alto	59-73 (B3-C#5)	tenor	52-68 (E3-G#4)	bass	40-61 (E2-C#4)
chor003	1: 4/4	1: 0	12	12	40.0	17	17	56.0	160.0	196	64	0	0	0										2023-09-21	Linux			4.1.1	2.2.2.post1.dev46+gdbec962	musicxml	musicxml/chor003.mscz	False	45-76 (A2-E5)	xml	soprn	64-76 (E4-E5)	alto	57-71 (A3-B4)	tenor	52-65 (E3-F4)	bass	45-60 (A2-C4)
chor004	1: 4/4	1: 0	12	12	40.0	17	17	56.0	160.0	185	61	0	0	0										2023-09-21	Linux			4.1.1	2.2.2.post1.dev46+gdbec962	musicxml	musicxml/chor004.mscz	False	40-76 (E2-E5)	xml	soprn	61-76 (C#4-E5)	alto	59-71 (B3-B4)	tenor	54-66 (F#3-F#4)	bass	40-61 (E2-C#4)
chor005	1: 4/4	1: 0	19	19	68.0	24	24	84.0	272.0	330	123	0	0	0										2023-09-21	Linux			4.1.1	2.2.2.post1.dev46+gdbec962	musicxml	musicxml/chor005.mscz	False	40-76 (E2-E5)	xml	soprn	62-76 (D4-E5)	alto	54-71 (F#3-B4)	tenor	52-64 (E3-E4)	bass	40-60 (E2-C4)
chor006	1: 4/4	1: 0	9	9	32.0	9	9	32.0	124.0	120	41	0	0	0										2023-09-21	Linux			4.1.1	2.2.2.post1.dev46+gdbec962	musicxml	musicxml/chor006.mscz	False	41-77 (F2-F5)	xml	soprn	65-77 (F4-F5)	alto	60-72 (C4-C5)	tenor	55-65 (G3-F4)	bass	41-57 (F2-A3)
chor007	1: 3/4	1: 0	39	39	111.0	48	48	135.0	444.0	346	111	0	0	0										2023-09-21	Linux			4.1.1	2.2.2.post1.dev46+gdbec962	musicxml	musicxml/chor007.mscz	False	42-76 (F#2-E5)	xml	soprn	64-76 (E4-E5)	alto	59-71 (B3-B4)	tenor	54-68 (F#3-G#4)	bass	42-59 (F#2-B3)
chor008	1: 4/4	1: 0	20	20	80.0	20	20	80.0	320.0	358	124	0	0	0										2023-09-21	Linux			4.1.1	2.2.2.post1.dev46+gdbec962	musicxml	musicxml/chor008.mscz	False	41-77 (F2-F5)	xml	soprn	65-77 (F4-F5)	alto	60-72 (C4-C5)	tenor	51-67 (Eb3-G4)	bass	41-60 (F2-C4)
chor009	1: 4/4	1: 0	14	14	48.0	19	19	64.0	192.0	238	87	0	0	0										2023-09-21	Linux			4.1.1	2.2.2.post1.dev46+gdbec962	musicxml	musicxml/chor009.mscz	False	38-79 (D2-G5)	xml	soprn	67-79 (G4-G5)	alto	62-71 (D4-B4)	tenor	52-67 (E3-G4)	bass	38-62 (D2-D4)
chor010	1: 4/4	1: 0	13	13	52.0	18	18	72.0	208.0	181	56	0	0	0										2023-09-21	Linux			4.1.1	2.2.2.post1.dev46+gdbec962	musicxml	musicxml/chor010.mscz	False	40-74 (E2-D5)	xml	soprn	64-74 (E4-D5)	alto	59-72 (B3-C5)	tenor	54-67 (F#3-G4)	bass	40-60 (E2-C4)
chor011	1: 4/4, 15: 3/4, 32: 4/4	1: 0	36	36	112.0	45	45	144.0	444.0	414	139	0	0	0										2023-09-21	Linux			4.1.1	2.2.2.post1.dev46+gdbec962	musicxml	musicxml/chor011.mscz	False	43-77 (G2-F5)	xml	soprn	71-77 (B4-F5)	alto	62-72 (D4-C5)	tenor	55-67 (G3-G4)	bass	43-60 (G2-C4)
chor012	1: 3/4	1: 0	17	17	48.0	17	17	48.0	192.0	144	43	0	0	0										2023-09-21	Linux			4.1.1	2.2.2.post1.dev46+gdbec962	musicxml	musicxml/chor012.mscz	False	45-74 (A2-D5)	xml	soprn	67-74 (G4-D5)	alto	62-69 (D4-A4)	tenor	55-64 (G3-E4)	bass	45-60 (A2-C4)
chor013	1: 4/4	1: 0	18	18	64.0	25	25	88.0	252.0	301	108	0	0	0										2023-09-21	Linux			4.1.1	2.2.2.post1.dev46+gdbec962	musicxml	musicxml/chor013.mscz	False	45-77 (A2-F5)	xml	soprn	64-77 (E4-F5)	alto	60-71 (C4-B4)	tenor	55-65 (G3-F4)	bass	45-62 (A2-D4)
chor014	1: 4/4	1: 0	16	16	56.0	22	22	76.0	224.0	235	78	0	0	0										2023-09-21	Linux			4.1.1	2.2.2.post1.dev46+gdbec962	musicxml	musicxml/chor014.mscz	False	40-74 (E2-D5)	xml	soprn	62-74 (D4-D5)	alto	57-69 (A3-A4)	tenor	52-64 (E3-E4)	bass	40-55 (E2-G3)
chor015	1: 4/4	1: 0	13	13	49.0	18	18	66.0	196.0	230	85	0	0	0										2023-09-21	Linux			4.1.1	2.2.2.post1.dev46+gdbec962	musicxml	musicxml/chor015.mscz	False	38-76 (D2-E5)	xml	soprn	62-76 (D4-E5)	alto	57-71 (A3-B4)	tenor	52-65 (E3-F4)	bass	38-57 (D2-A3)
chor016	1: 4/4	1: 0	19	19	68.0	26	26	92.0	268.0	293	97	0	0	0										2023-09-21	Linux			4.1.1	2.2.2.post1.dev46+gdbec962	musicxml	musicxml/chor016.mscz	False	42-78 (F#2-F#5)	xml	soprn	62-78 (D4-F#5)	alto	59-73 (B3-C#5)	tenor	54-66 (F#3-F#4)	bass	42-62 (F#2-D4)
chor017	1: 3/4	1: 0	18	18	54.0	18	18	54.0	216.0	175	57	0	0	0										2023-09-21	Linux			4.1.1	2.2.2.post1.dev46+gdbec962	musicxml	musicxml/chor017.mscz	False	43-76 (G2-E5)	xml	soprn	62-76 (D4-E5)	alto	57-69 (A3-A4)	tenor	52-62 (E3-D4)	bass	43-59 (G2-B3)
chor018	1: 4/4	1: 0	13	13	52.0	13	13	52.0	208.0	199	70	0	0	0										2023-09-21	Linux			4.1.1	2.2.2.post1.dev46+gdbec962	musicxml	musicxml/chor018.mscz	False	43-79 (G2-G5)	xml	soprn	62-79 (D4-G5)	alto	55-71 (G3-B4)	tenor	52-64 (E3-E4)	bass	43-59 (G2-B3)
chor019	1: 4/4	1: 0	10	10	36.0	10	10	36.0	144.0	177	67	0	0	0										2023-09-21	Linux			4.1.1	2.2.2.post1.dev46+gdbec962	musicxml	musicxml/chor019.mscz	False	38-72 (D2-C5)	xml	soprn	64-72 (E4-C5)	alto	55-67 (G3-G4)	tenor	55-62 (G3-D4)	bass	38-55 (D2-G3)
chor020	1: 4/4	1: 0	14	14	48.0	19	19	64.0	192.0	234	80	0	0	0										2023-09-21	Linux			4.1.1	2.2.2.post1.dev46+gdbec962	musicxml	musicxml/chor020.mscz	False	38-74 (D2-D5)	xml	soprn	62-74 (D4-D5)	alto	57-71 (A3-B4)	tenor	52-66 (E3-F#4)	bass	38-62 (D2-D4)
chor021	1: 4/4	1: 0	14	14	48.0	19	19	64.0	192.0	183	55	0	0	0										2023-09-21	Linux			4.1.1	2.2.2.post1.dev46+gdbec962	musicxml	musicxml/chor021.mscz	False	43-74 (G2-D5)	xml	soprn	62-74 (D4-D5)	alto	59-67 (B3-G4)	tenor	50-64 (D3-E4)	bass	43-58 (G2-Bb3)
chor022	1: 4/4	1: 0	15	15	60.0	20	20	80.0	240.0	257	88	0	0	0										2023-09-21	Linux			4.1.1	2.2.2.post1.dev46+gdbec962	musicxml	musicxml/chor022.mscz	False	39-75 (Eb2-Eb5)	xml	soprn	63-75 (Eb4-Eb5)	alto	58-67 (Bb3-G4)	tenor	51-65 (Eb3-F4)	bass	39-58 (Eb2-Bb3)
chor023	1: 4/4	1: 0	14	14	48.0	19	19	64.0	188.0	190	62	0	0	0										2023-09-21	Linux			4.1.1	2.2.2.post1.dev46+gdbec962	musicxml	musicxml/chor023.mscz	False	43-76 (G2-E5)	xml	soprn	69-76 (A4-E5)	alto	57-69 (A3-A4)	tenor	54-65 (F#3-F4)	bass	43-60 (G2-C4)
chor024	1: 4/4	1: 0	14	14	48.0	19	19	64.0	192.0	211	72	0	0	0										2023-09-21	Linux			4.1.1	2.2.2.post1.dev46+gdbec962	musicxml	musicxml/chor024.mscz	False	38-78 (D2-F#5)	xml	soprn	62-78 (D4-F#5)	alto	57-74 (A3-D5)	tenor	52-69 (E3-A4)	bass	38-62 (D2-D4)
chor025	1: 4/4	1: 0	13	13	48.0	13	13	48.0	184.0	201	73	0	0	0										2023-09-21	Linux			4.1.1	2.2.2.post1.dev46+gdbec962	musicxml	musicxml/chor025.mscz	False	41-75 (F2-Eb5)	xml	soprn	65-75 (F4-Eb5)	alto	60-70 (C4-Bb4)	tenor	55-65 (G3-F4)	bass	41-56 (F2-Ab3)
chor026	1: 4/4	1: 0	12	12	40.0	19	19	64.0	160.0	177	60	0	0	0										2023-09-21	Linux			4.1.1	2.2.2.post1.dev46+gdbec962	musicxml	musicxml/chor026.mscz	False	41-77 (F2-F5)	xml	soprn	65-77 (F4-F5)	alto	60-72 (C4-C5)	tenor	53-65 (F3-F4)	bass	41-60 (F2-C4)
chor027	1: 4/4	1: 0	12	12	40.0	17	17	56.0	160.0	181	67	0	0	0										2023-09-21	Linux			4.1.1	2.2.2.post1.dev46+gdbec962	musicxml	musicxml/chor027.mscz	False	41-77 (F2-F5)	xml	soprn	64-77 (E4-F5)	alto	60-72 (C4-C5)	tenor	55-67 (G3-G4)	bass	41-58 (F2-Bb3)
chor028	1: 4/4	1: 0	8	8	32.0	8	8	32.0	128.0	149	54	0	0	0										2023-09-21	Linux			4.1.1	2.2.2.post1.dev46+gdbec962	musicxml	musicxml/chor028.mscz	False	47-78 (B2-F#5)	xml	soprn	69-78 (A4-F#5)	alto	62-74 (D4-D5)	tenor	54-67 (F#3-G4)	bass	47-59 (B2-B3)
chor029	1: 4/4	1: 0	13	13	52.0	17	17	68.0	208.0	212	76	0	0	0										2023-09-21	Linux			4.1.1	2.2.2.post1.dev46+gdbec962	musicxml	musicxml/chor029.mscz	False	43-76 (G2-E5)	xml	soprn	62-76 (D4-E5)	alto	57-69 (A3-A4)	tenor	52-64 (E3-E4)	bass	43-57 (G2-A3)
chor030	1: 4/4	1: 0	12	12	48.0	12	12	48.0	184.0	208	79	0	0	0										2023-09-21	Linux			4.1.1	2.2.2.post1.dev46+gdbec962	musicxml	musicxml/chor030.mscz	False	40-76 (E2-E5)	xml	soprn	64-76 (E4-E5)	alto	59-67 (B3-G4)	tenor	52-64 (E3-E4)	bass	40-57 (E2-A3)
chor031	1: 4/4	1: 0	12	12	40.0	17	17	56.0	160.0	205	71	0	0	0										2023-09-21	Linux			4.1.1	2.2.2.post1.dev46+gdbec962	musicxml	musicxml/chor031.mscz	False	43-77 (G2-F5)	xml	soprn	67-77 (G4-F5)	alto	62-69 (D4-A4)	tenor	55-65 (G3-F4)	bass	43-62 (G2-D4)
chor032	1: 4/4	1: 0	14	14	48.0	19	19	64.0	176.0	190	64	0	0	0										2023-09-21	Linux			4.1.1	2.2.2.post1.dev46+gdbec962	musicxml	musicxml/chor032.mscz	False	40-78 (E2-F#5)	xml	soprn	69-78 (A4-F#5)	alto	64-73 (E4-C#5)	tenor	56-67 (G#3-G4)	bass	40-62 (E2-D4)
chor033	1: 4/4	1: 0	9	9	36.0	13	13	52.0	140.0	177	62	0	0	0										2023-09-21	Linux			4.1.1	2.2.2.post1.dev46+gdbec962	musicxml	musicxml/chor033.mscz	False	40-79 (E2-G5)	xml	soprn	64-79 (E4-G5)	alto	57-74 (A3-D5)	tenor	52-67 (E3-G4)	bass	40-57 (E2-A3)
chor034	1: 4/4	1: 0	15	15	52.0	20	20	68.0	208.0	275	107	0	0	0										2023-09-21	Linux			4.1.1	2.2.2.post1.dev46+gdbec962	musicxml	musicxml/chor034.mscz	False	36-72 (C2-C5)	xml	soprn	60-72 (C4-C5)	alto	55-69 (G3-A4)	tenor	50-67 (D3-G4)	bass	36-57 (C2-A3)
chor035	1: 4/4	1: 0	8	8	32.0	12	12	48.0	128.0	168	59	0	0	0										2023-09-21	Linux			4.1.1	2.2.2.post1.dev46+gdbec962	musicxml	musicxml/chor035.mscz	False	45-76 (A2-E5)	xml	soprn	64-76 (E4-E5)	alto	59-69 (B3-A4)	tenor	52-64 (E3-E4)	bass	45-62 (A2-D4)
chor036	1: 4/4	1: 0	15	15	56.0	15	15	56.0	220.0	234	79	0	0	0										2023-09-21	Linux			4.1.1	2.2.2.post1.dev46+gdbec962	musicxml	musicxml/chor036.mscz	False	40-78 (E2-F#5)	xml	soprn	64-78 (E4-F#5)	alto	59-74 (B3-D5)	tenor	52-68 (E3-G#4)	bass	40-57 (E2-A3)
chor037	1: 4/4	1: 0	12	12	48.0	16	16	64.0	192.0	238	81	0	0	0										2023-09-21	Linux			4.1.1	2.2.2.post1.dev46+gdbec962	musicxml	musicxml/chor037.mscz	False	43-77 (G2-F5)	xml	soprn	67-77 (G4-F5)	alto	60-72 (C4-C5)	tenor	52-67 (E3-G4)	bass	43-60 (G2-C4)
chor038	1: 4/4	1: 0	10	10	40.0	14	14	56.0	160.0	176	62	0	0	0										2023-09-21	Linux			4.1.1	2.2.2.post1.dev46+gdbec962	musicxml	musicxml/chor038.mscz	False	39-75 (Eb2-Eb5)	xml	soprn	63-75 (Eb4-Eb5)	alto	58-65 (Bb3-F4)	tenor	52-62 (E3-D4)	bass	39-55 (Eb2-G3)
chor039	1: 4/4	1: 0	12	12	48.0	12	12	48.0	192.0	227	84	0	0	0										2023-09-21	Linux			4.1.1	2.2.2.post1.dev46+gdbec962	musicxml	musicxml/chor039.mscz	False	38-76 (D2-E5)	xml	soprn	64-76 (E4-E5)	alto	59-69 (B3-A4)	tenor	54-64 (F#3-E4)	bass	38-59 (D2-B3)
chor040	1: 4/4	1: 0	9	9	32.0	9	9	32.0	128.0	139	44	0	0	0										2023-09-21	Linux			4.1.1	2.2.2.post1.dev46+gdbec962	musicxml	musicxml/chor040.mscz	False	43-77 (G2-F5)	xml	soprn	67-77 (G4-F5)	alto	60-69 (C4-A4)	tenor	53-67 (F3-G4)	bass	43-60 (G2-C4)
chor041	1: 4/4	1: 0	16	16	56.0	22	22	76.0	224.0	251	89	0	0	0										2023-09-21	Linux			4.1.1	2.2.2.post1.dev46+gdbec962	musicxml	musicxml/chor041.mscz	False	43-74 (G2-D5)	xml	soprn	64-74 (E4-D5)	alto	59-69 (B3-A4)	tenor	54-65 (F#3-F4)	bass	43-60 (G2-C4)
chor042	1: 4/4	1: 0	11	11	36.0	16	16	52.0	144.0	132	38	0	0	0										2023-09-21	Linux			4.1.1	2.2.2.post1.dev46+gdbec962	musicxml	musicxml/chor042.mscz	False	45-76 (A2-E5)	xml	soprn	68-76 (G#4-E5)	alto	64-71 (E4-B4)	tenor	59-66 (B3-F#4)	bass	45-62 (A2-D4)
chor043	1: 4/4	1: 0	15	15	60.0	20	20	80.0	201.0	219	89	0	0	0										2023-09-21	Linux			4.1.1	2.2.2.post1.dev46+gdbec962	musicxml	musicxml/chor043.mscz	False	42-76 (F#2-E5)	xml	soprn	63-76 (D#4-E5)	alto	59-70 (B3-A#4)	tenor	52-69 (E3-A4)	bass	42-61 (F#2-C#4)
chor044	1: 4/4	1: 0	10	10	32.0	15	15	48.0	128.0	153	53	0	0	0										2023-09-21	Linux			4.1.1	2.2.2.post1.dev46+gdbec962	musicxml	musicxml/chor044.mscz	False	38-74 (D2-D5)	xml	soprn	62-74 (D4-D5)	alto	57-71 (A3-B4)	tenor	52-66 (E3-F#4)	bass	38-61 (D2-C#4)
chor045	1: 4/4	1: 0	14	14	52.0	14	14	52.0	208.0	289	97	0	0	0										2023-09-21	Linux			4.1.1	2.2.2.post1.dev46+gdbec962	musicxml	musicxml/chor045.mscz	False	40-78 (E2-F#5)	xml	soprn	69-78 (A4-F#5)	alto	62-73 (D4-C#5)	tenor	54-67 (F#3-G4)	bass	40-62 (E2-D4)
chor046	1: 4/4	1: 0	9	9	32.0	9	9	32.0	128.0	175	58	0	0	0										2023-09-21	Linux			4.1.1	2.2.2.post1.dev46+gdbec962	musicxml	musicxml/chor046.mscz	False	38-74 (D2-D5)	xml	soprn	62-74 (D4-D5)	alto	57-69 (A3-A4)	tenor	50-66 (D3-F#4)	bass	38-59 (D2-B3)
chor047	1: 4/4	1: 0	13	13	48.0	13	13	48.0	192.0	218	70	0	0	0										2023-09-21	Linux			4.1.1	2.2.2.post1.dev46+gdbec962	musicxml	musicxml/chor047.mscz	False	44-77 (G#2-F5)	xml	soprn	62-77 (D4-F5)	alto	57-71 (A3-B4)	tenor	52-64 (E3-E4)	bass	44-58 (G#2-Bb3)
chor048	1: 4/4	1: 0	10	10	40.0	10	10	40.0	160.0	187	63	0	0	0										2023-09-21	Linux			4.1.1	2.2.2.post1.dev46+gdbec962	musicxml	musicxml/chor048.mscz	False	36-77 (C2-F5)	xml	soprn	69-77 (A4-F5)	alto	59-72 (B3-C5)	tenor	52-65 (E3-F4)	bass	36-60 (C2-C4)
chor049	1: 4/4	1: 0	13	13	49.0	13	13	49.0	196.0	231	82	0	0	0										2023-09-21	Linux			4.1.1	2.2.2.post1.dev46+gdbec962	musicxml	musicxml/chor049.mscz	False	38-74 (D2-D5)	xml	soprn	60-74 (C4-D5)	alto	57-69 (A3-A4)	tenor	52-65 (E3-F4)	bass	38-58 (D2-Bb3)
chor050	1: 4/4	1: 0	13	13	48.0	13	13	48.0	192.0	218	75	0	0	0										2023-09-21	Linux			4.1.1	2.2.2.post1.dev46+gdbec962	musicxml	musicxml/chor050.mscz	False	41-72 (F2-C5)	xml	soprn	60-72 (C4-C5)	alto	55-69 (G3-A4)	tenor	52-65 (E3-F4)	bass	41-62 (F2-D4)
chor051	1: 4/4	1: 0	11	11	40.0	11	11	40.0	160.0	201	68	0	0	0										2023-09-21	Linux			4.1.1	2.2.2.post1.dev46+gdbec962	musicxml	musicxml/chor051.mscz	False	36-76 (C2-E5)	xml	soprn	62-76 (D4-E5)	alto	57-72 (A3-C5)	tenor	54-67 (F#3-G4)	bass	36-57 (C2-A3)
chor052	1: 4/4	1: 0	16	16	60.0	16	16	60.0	240.0	287	108	0	0	0										2023-09-21	Linux			4.1.1	2.2.2.post1.dev46+gdbec962	musicxml	musicxml/chor052.mscz	False	41-76 (E#2-E5)	xml	soprn	64-76 (E4-E5)	alto	57-73 (A3-C#5)	tenor	54-68 (F#3-G#4)	bass	41-61 (E#2-C#4)
chor053	1: 3/4	1: 0	16	16	48.0	16	16	48.0	192.0	157	49	0	0	0										2023-09-21	Linux			4.1.1	2.2.2.post1.dev46+gdbec962	musicxml	musicxml/chor053.mscz	False	41-79 (F2-G5)	xml	soprn	66-79 (F#4-G5)	alto	62-70 (D4-Bb4)	tenor	55-67 (G3-G4)	bass	41-62 (F2-D4)
chor054	1: 4/4	1: 0	11	11	40.0	11	11	40.0	156.0	168	54	0	0	0										2023-09-21	Linux			4.1.1	2.2.2.post1.dev46+gdbec962	musicxml	musicxml/chor054.mscz	False	43-76 (G2-E5)	xml	soprn	67-76 (G4-E5)	alto	62-69 (D4-A4)	tenor	55-64 (G3-E4)	bass	43-59 (G2-B3)
chor055	1: 4/4	1: 0	12	12	40.0	14	14	44.0	160.0	187	64	0	0	0										2023-09-21	Linux			4.1.1	2.2.2.post1.dev46+gdbec962	musicxml	musicxml/chor055.mscz	False	42-78 (F#2-F#5)	xml	soprn	71-78 (B4-F#5)	alto	62-73 (D4-C#5)	tenor	54-66 (F#3-F#4)	bass	42-62 (F#2-D4)
chor056	1: 4/4	1: 0	17	17	65.0	17	17	65.0	260.0	265	100	0	0	0										2023-09-21	Linux			4.1.1	2.2.2.post1.dev46+gdbec962	musicxml	musicxml/chor056.mscz	False	38-74 (D2-D5)	xml	soprn	64-74 (E4-D5)	alto	59-71 (B3-B4)	tenor	54-67 (F#3-G4)	bass	38-60 (D2-C4)
chor057	1: 4/4	1: 0	9	9	33.0	9	9	33.0	132.0	139	45	0	0	0										2023-09-21	Linux			4.1.1	2.2.2.post1.dev46+gdbec962	musicxml	musicxml/chor057.mscz	False	45-77 (A2-F5)	xml	soprn	68-77 (G#4-F5)	alto	60-74 (C4-D5)	tenor	52-67 (E3-G4)	bass	45-60 (A2-C4)
chor058	1: 4/4	1: 0	21	21	76.0	28	28	100.0	304.0	371	125	0	0	0										2023-09-21	Linux			4.1.1	2.2.2.post1.dev46+gdbec962	musicxml	musicxml/chor058.mscz	False	43-79 (G2-G5)	xml	soprn	66-79 (F#4-G5)	alto	62-74 (D4-D5)	tenor	54-67 (F#3-G4)	bass	43-62 (G2-D4)
chor059	1: 4/4	1: 0	12	12	44.0	12	12	44.0	176.0	190	64	0	0	0										2023-09-21	Linux			4.1.1	2.2.2.post1.dev46+gdbec962	musicxml	musicxml/chor059.mscz	False	41-75 (F2-Eb5)	xml	soprn	62-75 (D4-Eb5)	alto	57-70 (A3-Bb4)	tenor	53-67 (F3-G4)	bass	41-60 (F2-C4)
chor060	1: 4/4	1: 0	14	14	48.0	19	19	64.0	184.0	175	58	0	0	0										2023-09-21	Linux			4.1.1	2.2.2.post1.dev46+gdbec962	musicxml	musicxml/chor060.mscz	False	45-76 (A2-E5)	xml	soprn	66-76 (F#4-E5)	alto	59-71 (B3-B4)	tenor	52-66 (E3-F#4)	bass	45-57 (A2-A3)
chor061	1: 4/4	1: 0	16	16	64.0	16	16	64.0	256.0	278	102	0	0	0										2023-09-21	Linux			4.1.1	2.2.2.post1.dev46+gdbec962	musicxml	musicxml/chor061.mscz	False	39-72 (Eb2-C5)	xml	soprn	62-72 (D4-C5)	alto	56-68 (Ab3-Ab4)	tenor	50-63 (D3-Eb4)	bass	39-60 (Eb2-C4)
chor062	1: 4/4	1: 0	11	11	36.0	17	17	56.0	140.0	151	48	0	0	0										2023-09-21	Linux			4.1.1	2.2.2.post1.dev46+gdbec962	musicxml	musicxml/chor062.mscz	False	42-78 (F#2-F#5)	xml	soprn	66-78 (F#4-F#5)	alto	61-73 (C#4-C#5)	tenor	54-66 (F#3-F#4)	bass	42-59 (F#2-B3)
chor063	1: 4/4	1: 0	13	13	48.0	13	13	48.0	192.0	206	67	0	0	0										2023-09-21	Linux			4.1.1	2.2.2.post1.dev46+gdbec962	musicxml	musicxml/chor063.mscz	False	45-76 (A2-E5)	xml	soprn	64-76 (E4-E5)	alto	59-73 (B3-C#5)	tenor	56-66 (G#3-F#4)	bass	45-62 (A2-D4)
chor064	1: 4/4	1: 0	13	13	52.0	17	17	68.0	208.0	223	83	0	0	0										2023-09-21	Linux			4.1.1	2.2.2.post1.dev46+gdbec962	musicxml	musicxml/chor064.mscz	False	38-76 (D2-E5)	xml	soprn	62-76 (D4-E5)	alto	57-67 (A3-G4)	tenor	50-64 (D3-E4)	bass	38-55 (D2-G3)
chor065	1: 4/4	1: 0	12	12	40.0	17	17	56.0	160.0	193	66	0	0	0										2023-09-21	Linux			4.1.1	2.2.2.post1.dev46+gdbec962	musicxml	musicxml/chor065.mscz	False	43-76 (G2-E5)	xml	soprn	62-76 (D4-E5)	alto	59-71 (B3-B4)	tenor	54-64 (F#3-E4)	bass	43-55 (G2-G3)
chor066	1: 4/4	1: 0	16	16	56.0	21	21	72.0	224.0	278	96	0	0	0										2023-09-21	Linux			4.1.1	2.2.2.post1.dev46+gdbec962	musicxml	musicxml/chor066.mscz	False	38-76 (D2-E5)	xml	soprn	62-76 (D4-E5)	alto	57-69 (A3-A4)	tenor	50-64 (D3-E4)	bass	38-59 (D2-B3)
chor067	1: 4/4	1: 0	13	13	52.0	17	17	68.0	208.0	218	72	0	0	0										2023-09-21	Linux			4.1.1	2.2.2.post1.dev46+gdbec962	musicxml	musicxml/chor067.mscz	False	40-76 (E2-E5)	xml	soprn	62-76 (D4-E5)	alto	57-67 (A3-G4)	tenor	50-62 (D3-D4)	bass	40-57 (E2-A3)
chor068	1: 4/4	1: 0	10	10	36.0	10	10	36.0	140.0	171	70	0	0	0										2023-09-21	Linux			4.1.1	2.2.2.post1.dev46+gdbec962	musicxml	musicxml/chor068.mscz	False	41-72 (F2-C5)	xml	soprn	60-72 (C4-C5)	alto	55-67 (G3-G4)	tenor	52-62 (E3-D4)	bass	41-53 (F2-F3)
chor069	1: 4/4	1: 0	25	25	96.0	25	25	96.0	368.0	429	157	0	0	0										2023-09-21	Linux			4.1.1	2.2.2.post1.dev46+gdbec962	musicxml	musicxml/chor069.mscz	False	43-76 (G2-E5)	xml	soprn	62-76 (D4-E5)	alto	57-71 (A3-B4)	tenor	48-62 (C3-D4)	bass	43-59 (G2-B3)
chor070	1: 4/4	1: 0	22	22	80.0	29	29	104.0	316.0	341	132	0	0	0										2023-09-21	Linux			4.1.1	2.2.2.post1.dev46+gdbec962	musicxml	musicxml/chor070.mscz	False	36-74 (C2-D5)	xml	soprn	60-74 (C4-D5)	alto	55-67 (G3-G4)	tenor	48-65 (C3-F4)	bass	36-55 (C2-G3)
chor071	1: 4/4	1: 0	15	15	52.0	20	20	68.0	208.0	264	98	0	0	0										2023-09-21	Linux			4.1.1	2.2.2.post1.dev46+gdbec962	musicxml	musicxml/chor071.mscz	False	40-76 (E2-E5)	xml	soprn	62-76 (D4-E5)	alto	57-69 (A3-A4)	tenor	52-64 (E3-E4)	bass	40-59 (E2-B3)
chor072	1: 4/4	1: 0	9	9	33.0	9	9	33.0	132.0	164	57	0	0	0										2023-09-21	Linux			4.1.1	2.2.2.post1.dev46+gdbec962	musicxml	musicxml/chor072.mscz	False	43-77 (G2-F5)	xml	soprn	66-77 (F#4-F5)	alto	62-72 (D4-C5)	tenor	53-67 (F3-G4)	bass	43-60 (G2-C4)
chor073	1: 4/4	1: 0	13	13	44.0	18	18	60.0	176.0	207	70	0	0	0										2023-09-21	Linux			4.1.1	2.2.2.post1.dev46+gdbec962	musicxml	musicxml/chor073.mscz	False	41-74 (F2-D5)	xml	soprn	62-74 (D4-D5)	alto	58-69 (Bb3-A4)	tenor	50-67 (D3-G4)	bass	41-58 (F2-Bb3)
chor074	1: 4/4	1: 0	14	14	48.0	19	19	64.0	192.0	192	66	0	0	0										2023-09-21	Linux			4.1.1	2.2.2.post1.dev46+gdbec962	musicxml	musicxml/chor074.mscz	False	43-79 (G2-G5)	xml	soprn	67-79 (G4-G5)	alto	62-72 (D4-C5)	tenor	55-69 (G3-A4)	bass	43-62 (G2-D4)
chor075	1: 4/4	1: 0	12	12	44.0	12	12	44.0	172.0	184	68	0	0	0										2023-09-21	Linux			4.1.1	2.2.2.post1.dev46+gdbec962	musicxml	musicxml/chor075.mscz	False	36-72 (C2-C5)	xml	soprn	60-72 (C4-C5)	alto	57-67 (A3-G4)	tenor	52-62 (E3-D4)	bass	36-55 (C2-G3)
chor076	1: 4/4	1: 0	14	14	56.0	19	19	76.0	224.0	237	87	0	0	0										2023-09-21	Linux			4.1.1	2.2.2.post1.dev46+gdbec962	musicxml	musicxml/chor076.mscz	False	38-76 (D2-E5)	xml	soprn	62-76 (D4-E5)	alto	57-69 (A3-A4)	tenor	52-66 (E3-F#4)	bass	38-55 (D2-G3)
chor077	1: 4/4	1: 0	13	13	48.0	13	13	48.0	188.0	231	82	0	0	0										2023-09-21	Linux			4.1.1	2.2.2.post1.dev46+gdbec962	musicxml	musicxml/chor077.mscz	False	45-78 (A2-F#5)	xml	soprn	69-78 (A4-F#5)	alto	61-71 (C#4-B4)	tenor	55-66 (G3-F#4)	bass	45-61 (A2-C#4)
chor078	1: 4/4	1: 0	12	12	44.0	12	12	44.0	176.0	193	67	0	0	0										2023-09-21	Linux			4.1.1	2.2.2.post1.dev46+gdbec962	musicxml	musicxml/chor078.mscz	False	42-79 (F#2-G5)	xml	soprn	66-79 (F#4-G5)	alto	61-74 (C#4-D5)	tenor	52-64 (E3-E4)	bass	42-62 (F#2-D4)
chor079	1: 3/4	1: 0	24	24	72.0	24	24	72.0	288.0	230	70	0	0	0										2023-09-21	Linux			4.1.1	2.2.2.post1.dev46+gdbec962	musicxml	musicxml/chor079.mscz	False	45-79 (A2-G5)	xml	soprn	68-79 (G#4-G5)	alto	62-72 (D4-C5)	tenor	55-65 (G3-F4)	bass	45-60 (A2-C4)
chor080	1: 4/4	1: 0	14	14	48.0	19	19	64.0	192.0	195	65	0	0	0										2023-09-21	Linux			4.1.1	2.2.2.post1.dev46+gdbec962	musicxml	musicxml/chor080.mscz	False	42-76 (F#2-E5)	xml	soprn	64-76 (E4-E5)	alto	59-69 (B3-A4)	tenor	55-66 (G3-F#4)	bass	42-59 (F#2-B3)
chor081	1: 4/4	1: 0	17	17	68.0	17	17	68.0	272.0	249	80	0	0	0										2023-09-21	Linux			4.1.1	2.2.2.post1.dev46+gdbec962	musicxml	musicxml/chor081.mscz	False	41-76 (F2-E5)	xml	soprn	64-76 (E4-E5)	alto	57-71 (A3-B4)	tenor	56-65 (G#3-F4)	bass	41-57 (F2-A3)
chor082	1: 4/4	1: 0	19	19	73.0	19	19	73.0	264.0	236	70	0	0	0										2023-09-21	Linux			4.1.1	2.2.2.post1.dev46+gdbec962	musicxml	musicxml/chor082.mscz	False	41-74 (F2-D5)	xml	soprn	64-74 (E4-D5)	alto	60-70 (C4-Bb4)	tenor	55-65 (G3-F4)	bass	41-62 (F2-D4)
chor083	1: 4/4	1: 0	16	16	64.0	16	16	64.0	256.0	256	82	0	0	0										2023-09-21	Linux			4.1.1	2.2.2.post1.dev46+gdbec962	musicxml	musicxml/chor083.mscz	False	40-78 (E2-F#5)	xml	soprn	68-78 (G#4-F#5)	alto	61-73 (C#4-C#5)	tenor	52-69 (E3-A4)	bass	40-61 (E2-C#4)
chor084	1: 4/4	1: 0	15	15	56.0	15	15	56.0	224.0	279	96	0	0	0										2023-09-21	Linux			4.1.1	2.2.2.post1.dev46+gdbec962	musicxml	musicxml/chor084.mscz	False	40-78 (E2-F#5)	xml	soprn	64-78 (E4-F#5)	alto	57-74 (A3-D5)	tenor	52-64 (E3-E4)	bass	40-61 (E2-C#4)
chor085	1: 4/4	1: 0	17	17	64.0	17	17	64.0	236.0	239	79	0	0	0										2023-09-21	Linux			4.1.1	2.2.2.post1.dev46+gdbec962	musicxml	musicxml/chor085.mscz	False	40-78 (E2-F#5)	xml	soprn	64-78 (E4-F#5)	alto	59-71 (B3-B4)	tenor	54-66 (F#3-F#4)	bass	40-59 (E2-B3)
chor086	1: 4/4	1: 0	16	16	56.0	23	23	80.0	220.0	238	84	0	0	0										2023-09-21	Linux			4.1.1	2.2.2.post1.dev46+gdbec962	musicxml	musicxml/chor086.mscz	False	38-74 (D2-D5)	xml	soprn	62-74 (D4-D5)	alto	57-69 (A3-A4)	tenor	50-66 (D3-F#4)	bass	38-59 (D2-B3)
chor087	1: 4/4	1: 0	16	16	64.0	22	22	88.0	248.0	215	69	0	0	0										2023-09-21	Linux			4.1.1	2.2.2.post1.dev46+gdbec962	musicxml	musicxml/chor087.mscz	False	39-75 (Eb2-Eb5)	xml	soprn	60-75 (C4-Eb5)	alto	55-69 (G3-A4)	tenor	51-64 (Eb3-E4)	bass	39-56 (Eb2-Ab3)
chor088	1: 4/4	1: 0	14	14	48.0	19	19	64.0	188.0	196	62	0	0	0										2023-09-21	Linux			4.1.1	2.2.2.post1.dev46+gdbec962	musicxml	musicxml/chor088.mscz	False	43-76 (G2-E5)	xml	soprn	69-76 (A4-E5)	alto	57-69 (A3-A4)	tenor	54-65 (F#3-F4)	bass	43-60 (G2-C4)
chor089	1: 4/4	1: 0	14	14	48.0	19	19	64.0	192.0	199	67	0	0	0										2023-09-21	Linux			4.1.1	2.2.2.post1.dev46+gdbec962	musicxml	musicxml/chor089.mscz	False	42-76 (F#2-E5)	xml	soprn	64-76 (E4-E5)	alto	59-73 (B3-C#5)	tenor	54-67 (F#3-G4)	bass	42-61 (F#2-C#4)
chor090	1: 3/4	1: 0	13	13	39.0	18	18	54.0	148.0	150	49	0	0	0										2023-09-21	Linux			4.1.1	2.2.2.post1.dev46+gdbec962	musicxml	musicxml/chor090.mscz	False	46-79 (Bb2-G5)	xml	soprn	65-79 (F4-G5)	alto	58-72 (Bb3-C5)	tenor	51-67 (Eb3-G4)	bass	46-58 (Bb2-Bb3)
chor091	1: 4/4	1: 0	28	28	108.0	28	28	108.0	432.0	467	169	0	0	0										2023-09-21	Linux			4.1.1	2.2.2.post1.dev46+gdbec962	musicxml	musicxml/chor091.mscz	False	40-76 (E2-E5)	xml	soprn	64-76 (E4-E5)	alto	61-73 (C#4-C#5)	tenor	52-66 (E3-F#4)	bass	40-61 (E2-C#4)
chor092	1: 4/4	1: 0	13	13	44.0	18	18	60.0	176.0	205	72	0	0	0										2023-09-21	Linux			4.1.1	2.2.2.post1.dev46+gdbec962	musicxml	musicxml/chor092.mscz	False	45-78 (A2-F#5)	xml	soprn	66-78 (F#4-F#5)	alto	61-73 (C#4-C#5)	tenor	54-67 (F#3-G4)	bass	45-62 (A2-D4)
chor093	1: 3/4	1: 0	17	17	49.0	17	17	49.0	196.0	150	48	0	0	0										2023-09-21	Linux			4.1.1	2.2.2.post1.dev46+gdbec962	musicxml	musicxml/chor093.mscz	False	46-75 (Bb2-Eb5)	xml	soprn	65-75 (F4-Eb5)	alto	62-72 (D4-C5)	tenor	55-63 (G3-Eb4)	bass	46-58 (Bb2-Bb3)
chor094	1: 4/4	1: 0	11	11	40.0	11	11	40.0	156.0	179	56	0	0	0										2023-09-21	Linux			4.1.1	2.2.2.post1.dev46+gdbec962	musicxml	musicxml/chor094.mscz	False	43-74 (G2-D5)	xml	soprn	67-74 (G4-D5)	alto	62-72 (D4-C5)	tenor	53-67 (F3-G4)	bass	43-58 (G2-Bb3)
chor095	1: 4/4	1: 0	12	12	48.0	16	16	64.0	192.0	209	70	0	0	0										2023-09-21	Linux			4.1.1	2.2.2.post1.dev46+gdbec962	musicxml	musicxml/chor095.mscz	False	46-79 (Bb2-G5)	xml	soprn	70-79 (Bb4-G5)	alto	62-72 (D4-C5)	tenor	55-65 (G3-F4)	bass	46-60 (Bb2-C4)
chor096	1: 4/4	1: 0	13	13	52.0	19	19	76.0	208.0	218	81	0	0	0										2023-09-21	Linux			4.1.1	2.2.2.post1.dev46+gdbec962	musicxml	musicxml/chor096.mscz	False	45-77 (A2-F5)	xml	soprn	62-77 (D4-F5)	alto	57-70 (A3-Bb4)	tenor	52-65 (E3-F4)	bass	45-60 (A2-C4)
chor097	1: 4/4	1: 0	16	16	60.0	16	16	60.0	240.0	249	90	0	0	0										2023-09-21	Linux			4.1.1	2.2.2.post1.dev46+gdbec962	musicxml	musicxml/chor097.mscz	False	44-78 (G#2-F#5)	xml	soprn	64-78 (E4-F#5)	alto	56-71 (G#3-B4)	tenor	52-64 (E3-E4)	bass	44-62 (G#2-D4)
chor098	1: 4/4	1: 0	14	14	48.0	19	19	64.0	192.0	194	65	0	0	0										2023-09-21	Linux			4.1.1	2.2.2.post1.dev46+gdbec962	musicxml	musicxml/chor098.mscz	False	38-76 (D2-E5)	xml	soprn	64-76 (E4-E5)	alto	61-71 (C#4-B4)	tenor	52-66 (E3-F#4)	bass	38-59 (D2-B3)
chor099	1: 4/4	1: 0	14	14	48.0	19	19	64.0	192.0	195	67	0	0	0										2023-09-21	Linux			4.1.1	2.2.2.post1.dev46+gdbec962	musicxml	musicxml/chor099.mscz	False	44-76 (G#2-E5)	xml	soprn	69-76 (A4-E5)	alto	61-72 (C#4-C5)	tenor	52-67 (E3-G4)	bass	44-60 (G#2-C4)
chor100	1: 4/4	1: 0	15	15	52.0	20	20	68.0	208.0	239	85	0	0	0										2023-09-21	Linux			4.1.1	2.2.2.post1.dev46+gdbec962	musicxml	musicxml/chor100.mscz	False	39-74 (Eb2-D5)	xml	soprn	60-74 (C4-D5)	alto	57-67 (A3-G4)	tenor	51-62 (Eb3-D4)	bass	39-55 (Eb2-G3)
chor101	1: 4/4	1: 0	12	12	40.0	17	17	56.0	160.0	174	57	0	0	0										2023-09-21	Linux			4.1.1	2.2.2.post1.dev46+gdbec962	musicxml	musicxml/chor101.mscz	False	41-77 (F2-F5)	xml	soprn	67-77 (G4-F5)	alto	60-70 (C4-Bb4)	tenor	54-67 (F#3-G4)	bass	41-60 (F2-C4)
chor102	1: 3/4	1: 0	22	22	66.0	30	30	90.0	264.0	194	51	0	0	0										2023-09-21	Linux			4.1.1	2.2.2.post1.dev46+gdbec962	musicxml	musicxml/chor102.mscz	False	40-79 (E2-G5)	xml	soprn	66-79 (F#4-G5)	alto	59-71 (B3-B4)	tenor	52-64 (E3-E4)	bass	40-60 (E2-C4)
chor103	1: 4/4	1: 0	13	13	48.0	13	13	48.0	192.0	206	65	0	0	0										2023-09-21	Linux			4.1.1	2.2.2.post1.dev46+gdbec962	musicxml	musicxml/chor103.mscz	False	43-77 (G2-F5)	xml	soprn	65-77 (F4-F5)	alto	60-72 (C4-C5)	tenor	51-65 (Eb3-F4)	bass	43-60 (G2-C4)
chor104	1: 4/4	1: 0	11	11	36.0	17	17	56.0	144.0	165	56	0	0	0										2023-09-21	Linux			4.1.1	2.2.2.post1.dev46+gdbec962	musicxml	musicxml/chor104.mscz	False	42-79 (F#2-G5)	xml	soprn	66-79 (F#4-G5)	alto	61-71 (C#4-B4)	tenor	54-67 (F#3-G4)	bass	42-62 (F#2-D4)
chor105	1: 4/4	1: 0	12	12	44.0	12	12	44.0	176.0	186	62	0	0	0										2023-09-21	Linux			4.1.1	2.2.2.post1.dev46+gdbec962	musicxml	musicxml/chor105.mscz	False	47-79 (B2-G5)	xml	soprn	66-79 (F#4-G5)	alto	59-73 (B3-C#5)	tenor	52-67 (E3-G4)	bass	47-62 (B2-D4)
chor106	1: 4/4	1: 0	16	16	64.0	16	16	64.0	256.0	235	71	0	0	0										2023-09-21	Linux			4.1.1	2.2.2.post1.dev46+gdbec962	musicxml	musicxml/chor106.mscz	False	45-78 (A2-F#5)	xml	soprn	68-78 (G#4-F#5)	alto	61-71 (C#4-B4)	tenor	54-66 (F#3-F#4)	bass	45-59 (A2-B3)
chor107	1: 4/4	1: 0	23	23	84.0	31	31	112.0	336.0	372	119	0	0	0										2023-09-21	Linux			4.1.1	2.2.2.post1.dev46+gdbec962	musicxml	musicxml/chor107.mscz	False	39-80 (Eb2-Ab5)	xml	soprn	67-80 (G4-Ab5)	alto	62-72 (D4-C5)	tenor	55-68 (G3-Ab4)	bass	39-63 (Eb2-Eb4)
chor108	1: 4/4	1: 0	14	14	48.0	19	19	64.0	192.0	173	49	0	0	0										2023-09-21	Linux			4.1.1	2.2.2.post1.dev46+gdbec962	musicxml	musicxml/chor108.mscz	False	39-79 (Eb2-G5)	xml	soprn	63-79 (Eb4-G5)	alto	58-72 (Bb3-C5)	tenor	55-67 (G3-G4)	bass	39-63 (Eb2-Eb4)
chor109	1: 3/4	1: 0	28	28	84.0	28	28	84.0	336.0	282	97	0	0	0										2023-09-21	Linux			4.1.1	2.2.2.post1.dev46+gdbec962	musicxml	musicxml/chor109.mscz	False	41-77 (F2-F5)	xml	soprn	65-77 (F4-F5)	alto	60-70 (C4-Bb4)	tenor	54-66 (F#3-F#4)	bass	41-62 (F2-D4)
chor110	1: 4/4	1: 0	13	13	48.0	13	13	48.0	192.0	228	72	0	0	0										2023-09-21	Linux			4.1.1	2.2.2.post1.dev46+gdbec962	musicxml	musicxml/chor110.mscz	False	43-75 (G2-Eb5)	xml	soprn	60-75 (C4-Eb5)	alto	55-67 (G3-G4)	tenor	50-63 (D3-Eb4)	bass	43-60 (G2-C4)
chor111	1: 4/4	1: 0	12	12	44.0	12	12	44.0	176.0	218	80	0	0	0										2023-09-21	Linux			4.1.1	2.2.2.post1.dev46+gdbec962	musicxml	musicxml/chor111.mscz	False	45-77 (A2-F5)	xml	soprn	64-77 (E4-F5)	alto	59-71 (B3-B4)	tenor	52-66 (E3-F#4)	bass	45-59 (A2-B3)
chor112	1: 4/4	1: 0	11	11	36.0	17	17	56.0	140.0	145	44	0	0	0										2023-09-21	Linux			4.1.1	2.2.2.post1.dev46+gdbec962	musicxml	musicxml/chor112.mscz	False	42-78 (F#2-F#5)	xml	soprn	66-78 (F#4-F#5)	alto	61-71 (C#4-B4)	tenor	57-67 (A3-G4)	bass	42-62 (F#2-D4)
chor113	1: 4/4	1: 0	17	17	68.0	17	17	68.0	272.0	248	77	0	0	0										2023-09-21	Linux			4.1.1	2.2.2.post1.dev46+gdbec962	musicxml	musicxml/chor113.mscz	False	42-77 (Gb2-F5)	xml	soprn	65-77 (F4-F5)	alto	60-72 (C4-C5)	tenor	56-66 (Ab3-Gb4)	bass	42-61 (Gb2-Db4)
chor114	1: 4/4	1: 0	14	14	48.0	19	19	64.0	192.0	206	72	0	0	0										2023-09-21	Linux			4.1.1	2.2.2.post1.dev46+gdbec962	musicxml	musicxml/chor114.mscz	False	45-76 (A2-E5)	xml	soprn	64-76 (E4-E5)	alto	59-72 (B3-C5)	tenor	52-67 (E3-G4)	bass	45-60 (A2-C4)
chor115	1: 4/4	1: 0	14	14	48.0	19	19	64.0	192.0	233	79	0	0	0										2023-09-21	Linux			4.1.1	2.2.2.post1.dev46+gdbec962	musicxml	musicxml/chor115.mscz	False	44-76 (G#2-E5)	xml	soprn	66-76 (F#4-E5)	alto	62-71 (D4-B4)	tenor	54-67 (F#3-G4)	bass	44-59 (G#2-B3)
chor116	1: 3/4	1: 0	38	38	108.0	47	47	132.0	432.0	429	172	0	0	0										2023-09-21	Linux			4.1.1	2.2.2.post1.dev46+gdbec962	musicxml	musicxml/chor116.mscz	False	38-81 (D2-A5)	xml	soprn	69-81 (A4-A5)	alto	61-73 (C#4-C#5)	tenor	55-67 (G3-G4)	bass	38-62 (D2-D4)
chor117	1: 4/4	1: 0	13	13	48.0	13	13	48.0	192.0	221	76	0	0	0										2023-09-21	Linux			4.1.1	2.2.2.post1.dev46+gdbec962	musicxml	musicxml/chor117.mscz	False	44-75 (Ab2-Eb5)	xml	soprn	63-75 (Eb4-Eb5)	alto	58-72 (Bb3-C5)	tenor	51-65 (Eb3-F4)	bass	44-61 (Ab2-Db4)
chor118	1: 4/4	1: 0	12	12	44.0	12	12	44.0	176.0	207	69	0	0	0										2023-09-21	Linux			4.1.1	2.2.2.post1.dev46+gdbec962	musicxml	musicxml/chor118.mscz	False	45-79 (A2-G5)	xml	soprn	70-79 (Bb4-G5)	alto	62-72 (D4-C5)	tenor	53-67 (F3-G4)	bass	45-58 (A2-Bb3)
chor119	1: 4/4	1: 0	19	19	72.0	19	19	72.0	288.0	361	123	0	0	0										2023-09-21	Linux			4.1.1	2.2.2.post1.dev46+gdbec962	musicxml	musicxml/chor119.mscz	False	41-79 (F2-G5)	xml	soprn	65-79 (F4-G5)	alto	60-72 (C4-C5)	tenor	53-67 (F3-G4)	bass	41-62 (F2-D4)
chor120	1: 4/4	1: 0	14	14	48.0	19	19	64.0	192.0	247	86	0	0	0										2023-09-21	Linux			4.1.1	2.2.2.post1.dev46+gdbec962	musicxml	musicxml/chor120.mscz	False	45-76 (A2-E5)	xml	soprn	66-76 (F#4-E5)	alto	59-71 (B3-B4)	tenor	54-66 (F#3-F#4)	bass	45-59 (A2-B3)
chor121	1: 4/4	1: 0	16	16	64.0	16	16	64.0	256.0	308	104	0	0	0										2023-09-21	Linux			4.1.1	2.2.2.post1.dev46+gdbec962	musicxml	musicxml/chor121.mscz	False	40-79 (E2-G5)	xml	soprn	69-79 (A4-G5)	alto	64-71 (E4-B4)	tenor	57-68 (A3-G#4)	bass	40-59 (E2-B3)
chor122	1: 4/4	1: 0	15	15	56.0	15	15	56.0	224.0	291	97	0	0	0										2023-09-21	Linux			4.1.1	2.2.2.post1.dev46+gdbec962	musicxml	musicxml/chor122.mscz	False	43-79 (G2-G5)	xml	soprn	63-79 (Eb4-G5)	alto	58-68 (Bb3-Ab4)	tenor	53-67 (F3-G4)	bass	43-60 (G2-C4)
chor123	1: 4/4	1: 0	14	14	48.0	19	19	64.0	192.0	239	78	0	0	0										2023-09-21	Linux			4.1.1	2.2.2.post1.dev46+gdbec962	musicxml	musicxml/chor123.mscz	False	45-76 (A2-E5)	xml	soprn	69-76 (A4-E5)	alto	60-74 (C4-D5)	tenor	57-65 (A3-F4)	bass	45-60 (A2-C4)
chor124	1: 4/4	1: 0	12	12	44.0	12	12	44.0	176.0	245	87	0	0	0										2023-09-21	Linux			4.1.1	2.2.2.post1.dev46+gdbec962	musicxml	musicxml/chor124.mscz	False	38-76 (D2-E5)	xml	soprn	66-76 (F#4-E5)	alto	59-71 (B3-B4)	tenor	54-66 (F#3-F#4)	bass	38-57 (D2-A3)
chor125	1: 4/4	1: 0	12	12	40.0	17	17	56.0	160.0	199	69	0	0	0										2023-09-21	Linux			4.1.1	2.2.2.post1.dev46+gdbec962	musicxml	musicxml/chor125.mscz	False	42-74 (F#2-D5)	xml	soprn	64-74 (E4-D5)	alto	59-67 (B3-G4)	tenor	52-64 (E3-E4)	bass	42-57 (F#2-A3)
chor126	1: 4/4	1: 0	15	15	52.0	20	20	68.0	208.0	238	85	0	0	0										2023-09-21	Linux			4.1.1	2.2.2.post1.dev46+gdbec962	musicxml	musicxml/chor126.mscz	False	41-76 (F2-E5)	xml	soprn	62-76 (D4-E5)	alto	59-69 (B3-A4)	tenor	53-64 (F3-E4)	bass	41-57 (F2-A3)
chor127	1: 4/4	1: 0	10	10	37.0	10	10	37.0	148.0	183	68	0	0	0										2023-09-21	Linux			4.1.1	2.2.2.post1.dev46+gdbec962	musicxml	musicxml/chor127.mscz	False	43-74 (G2-D5)	xml	soprn	65-74 (F4-D5)	alto	62-69 (D4-A4)	tenor	55-65 (G3-F4)	bass	43-60 (G2-C4)
chor128	1: 4/4	1: 0	12	12	48.0	12	12	48.0	192.0	230	83	0	0	0										2023-09-21	Linux			4.1.1	2.2.2.post1.dev46+gdbec962	musicxml	musicxml/chor128.mscz	False	38-76 (D2-E5)	xml	soprn	62-76 (D4-E5)	alto	57-71 (A3-B4)	tenor	54-66 (F#3-F#4)	bass	38-62 (D2-D4)
chor129	1: 4/4	1: 0	14	14	48.0	19	19	64.0	192.0	190	69	0	0	0										2023-09-21	Linux			4.1.1	2.2.2.post1.dev46+gdbec962	musicxml	musicxml/chor129.mscz	False	40-76 (E2-E5)	xml	soprn	64-76 (E4-E5)	alto	59-69 (B3-A4)	tenor	52-66 (E3-F#4)	bass	40-57 (E2-A3)
chor130	1: 4/4	1: 0	10	10	50.0	10	10	50.0	200.0	80	24	0	0	0										2023-09-21	Linux			4.1.1	2.2.2.post1.dev46+gdbec962	musicxml	musicxml/chor130.mscz	False	40-74 (E2-D5)	xml	soprn	64-74 (E4-D5)	alto	59-66 (B3-F#4)	tenor	54-59 (F#3-B3)	bass	40-55 (E2-G3)
chor131	1: 4/4	1: 0	10	10	40.0	15	15	60.0	160.0	155	60	0	0	0										2023-09-21	Linux			4.1.1	2.2.2.post1.dev46+gdbec962	musicxml	musicxml/chor131.mscz	False	36-74 (C2-D5)	xml	soprn	62-74 (D4-D5)	alto	57-67 (A3-G4)	tenor	52-64 (E3-E4)	bass	36-59 (C2-B3)
chor133	1: 4/4	1: 0	32	32	128.0	32	32	128.0	498.0	600	250	0	0	0										2023-09-21	Linux			4.1.1	2.2.2.post1.dev46+gdbec962	musicxml	musicxml/chor133.mscz	False	38-76 (D2-E5)	xml	soprn	61-76 (C#4-E5)	alto	52-70 (E3-Bb4)	tenor	49-64 (C#3-E4)	bass	38-59 (D2-B3)
chor134	1: 4/4	1: 0	14	14	56.0	19	19	76.0	224.0	224	86	0	0	0										2023-09-21	Linux			4.1.1	2.2.2.post1.dev46+gdbec962	musicxml	musicxml/chor134.mscz	False	38-77 (D2-F5)	xml	soprn	62-77 (D4-F5)	alto	57-71 (A3-B4)	tenor	50-65 (D3-F4)	bass	38-60 (D2-C4)
chor135	1: 4/4	1: 0	16	16	64.0	28	28	112.0	256.0	278	107	0	0	0										2023-09-21	Linux			4.1.1	2.2.2.post1.dev46+gdbec962	musicxml	musicxml/chor135.mscz	False	40-76 (E2-E5)	xml	soprn	62-76 (D4-E5)	alto	57-71 (A3-B4)	tenor	54-66 (F#3-F#4)	bass	40-59 (E2-B3)
chor136	1: 4/4	1: 0	9	9	32.0	9	9	32.0	128.0	152	54	0	0	0										2023-09-21	Linux			4.1.1	2.2.2.post1.dev46+gdbec962	musicxml	musicxml/chor136.mscz	False	42-76 (F#2-E5)	xml	soprn	66-76 (F#4-E5)	alto	62-69 (D4-A4)	tenor	54-64 (F#3-E4)	bass	42-59 (F#2-B3)
chor137	1: 4/4	1: 0	21	21	84.0	29	29	116.0	300.0	296	119	0	0	0										2023-09-21	Linux			4.1.1	2.2.2.post1.dev46+gdbec962	musicxml	musicxml/chor137.mscz	False	42-72 (F#2-C5)	xml	soprn	63-72 (D#4-C5)	alto	59-69 (B3-A4)	tenor	54-64 (F#3-E4)	bass	42-59 (F#2-B3)
chor138	1: 4/4	1: 0	13	13	52.0	19	19	76.0	208.0	188	62	0	0	0										2023-09-21	Linux			4.1.1	2.2.2.post1.dev46+gdbec962	musicxml	musicxml/chor138.mscz	False	40-79 (E2-G5)	xml	soprn	64-79 (E4-G5)	alto	59-71 (B3-B4)	tenor	54-64 (F#3-E4)	bass	40-59 (E2-B3)
chor139	1: 4/4	1: 0	13	13	52.0	13	13	52.0	208.0	210	67	0	0	0										2023-09-21	Linux			4.1.1	2.2.2.post1.dev46+gdbec962	musicxml	musicxml/chor139.mscz	False	43-76 (G2-E5)	xml	soprn	67-76 (G4-E5)	alto	59-71 (B3-B4)	tenor	53-67 (F3-G4)	bass	43-62 (G2-D4)
chor140	1: 4/4	1: 0	13	13	48.0	13	13	48.0	188.0	202	70	0	0	0										2023-09-21	Linux			4.1.1	2.2.2.post1.dev46+gdbec962	musicxml	musicxml/chor140.mscz	False	43-76 (G2-E5)	xml	soprn	67-76 (G4-E5)	alto	59-69 (B3-A4)	tenor	55-66 (G3-F#4)	bass	43-57 (G2-A3)
chor141	1: 4/4	1: 0	11	11	44.0	11	11	44.0	176.0	171	66	0	0	0										2023-09-21	Linux			4.1.1	2.2.2.post1.dev46+gdbec962	musicxml	musicxml/chor141.mscz	False	42-76 (F#2-E5)	xml	soprn	68-76 (G#4-E5)	alto	61-71 (C#4-B4)	tenor	56-66 (G#3-F#4)	bass	42-57 (F#2-A3)
chor142	1: 4/4	1: 0	16	16	64.0	16	16	64.0	256.0	250	82	0	0	0										2023-09-21	Linux			4.1.1	2.2.2.post1.dev46+gdbec962	musicxml	musicxml/chor142.mscz	False	43-77 (G2-F5)	xml	soprn	67-77 (G4-F5)	alto	61-72 (C#4-C5)	tenor	50-67 (D3-G4)	bass	43-62 (G2-D4)
chor143	1: 3/4	1: 0	33	33	97.0	33	33	97.0	387.5	312	114	0	0	0										2023-09-21	Linux			4.1.1	2.2.2.post1.dev46+gdbec962	musicxml	musicxml/chor143.mscz	False	36-74 (C2-D5)	xml	soprn	62-74 (D4-D5)	alto	57-67 (A3-G4)	tenor	52-64 (E3-E4)	bass	36-58 (C2-Bb3)
chor144	1: 4/4	1: 0	13	13	52.0	18	18	72.0	188.0	202	74	0	0	0										2023-09-21	Linux			4.1.1	2.2.2.post1.dev46+gdbec962	musicxml	musicxml/chor144.mscz	False	40-76 (E2-E5)	xml	soprn	64-76 (E4-E5)	alto	61-71 (C#4-B4)	tenor	50-66 (D3-F#4)	bass	40-57 (E2-A3)
chor145	1: 4/4	1: 0	11	11	40.0	11	11	40.0	160.0	198	67	0	0	0										2023-09-21	Linux			4.1.1	2.2.2.post1.dev46+gdbec962	musicxml	musicxml/chor145.mscz	False	38-76 (D2-E5)	xml	soprn	69-76 (A4-E5)	alto	64-72 (E4-C5)	tenor	56-65 (G#3-F4)	bass	38-57 (D2-A3)
chor146	1: 4/4	1: 0	11	11	36.0	17	17	56.0	144.0	172	57	0	0	0										2023-09-21	Linux			4.1.1	2.2.2.post1.dev46+gdbec962	musicxml	musicxml/chor146.mscz	False	45-77 (A2-F5)	xml	soprn	64-77 (E4-F5)	alto	59-69 (B3-A4)	tenor	50-64 (D3-E4)	bass	45-60 (A2-C4)
chor147	1: 4/4	1: 0	15	15	56.0	15	15	56.0	208.0	202	72	0	0	0										2023-09-21	Linux			4.1.1	2.2.2.post1.dev46+gdbec962	musicxml	musicxml/chor147.mscz	False	39-75 (Eb2-Eb5)	xml	soprn	63-75 (Eb4-Eb5)	alto	58-72 (Bb3-C5)	tenor	50-62 (D3-D4)	bass	39-58 (Eb2-Bb3)
chor148	1: 4/4	1: 0	12	12	40.0	18	18	60.0	160.0	161	58	0	0	0										2023-09-21	Linux			4.1.1	2.2.2.post1.dev46+gdbec962	musicxml	musicxml/chor148.mscz	False	43-74 (G2-D5)	xml	soprn	64-74 (E4-D5)	alto	59-69 (B3-A4)	tenor	50-62 (D3-D4)	bass	43-57 (G2-A3)
chor149	1: 4/4	1: 0	10	10	32.0	15	15	48.0	128.0	130	42	0	0	0										2023-09-21	Linux			4.1.1	2.2.2.post1.dev46+gdbec962	musicxml	musicxml/chor149.mscz	False	43-79 (G2-G5)	xml	soprn	65-79 (F4-G5)	alto	58-68 (Bb3-Ab4)	tenor	55-63 (G3-Eb4)	bass	43-58 (G2-Bb3)
chor151	1: 4/4	1: 0	9	9	36.0	14	14	56.0	144.0	148	58	0	0	0										2023-09-21	Linux			4.1.1	2.2.2.post1.dev46+gdbec962	musicxml	musicxml/chor151.mscz	False	43-76 (G2-E5)	xml	soprn	66-76 (F#4-E5)	alto	62-69 (D4-A4)	tenor	57-69 (A3-A4)	bass	43-60 (G2-C4)
chor152	1: 4/4	1: 0	13	13	52.0	13	13	52.0	208.0	244	88	0	0	0										2023-09-21	Linux			4.1.1	2.2.2.post1.dev46+gdbec962	musicxml	musicxml/chor152.mscz	False	40-76 (E2-E5)	xml	soprn	62-76 (D4-E5)	alto	57-69 (A3-A4)	tenor	52-64 (E3-E4)	bass	40-57 (E2-A3)
chor153	1: 4/4	1: 0	12	12	48.0	16	16	64.0	192.0	193	70	0	0	0										2023-09-21	Linux			4.1.1	2.2.2.post1.dev46+gdbec962	musicxml	musicxml/chor153.mscz	False	38-74 (D2-D5)	xml	soprn	62-74 (D4-D5)	alto	59-67 (B3-G4)	tenor	50-59 (D3-B3)	bass	38-57 (D2-A3)
chor154	1: 4/4	1: 0	9	9	32.0	9	9	32.0	128.0	145	58	0	0	0										2023-09-21	Linux			4.1.1	2.2.2.post1.dev46+gdbec962	musicxml	musicxml/chor154.mscz	False	43-72 (G2-C5)	xml	soprn	62-72 (D4-C5)	alto	59-65 (B3-F4)	tenor	50-62 (D3-D4)	bass	43-55 (G2-G3)
chor155	1: 3/4	1: 0	24	24	72.0	24	24	72.0	288.0	236	88	0	0	0										2023-09-21	Linux			4.1.1	2.2.2.post1.dev46+gdbec962	musicxml	musicxml/chor155.mscz	False	36-77 (C2-F5)	xml	soprn	67-77 (G4-F5)	alto	62-72 (D4-C5)	tenor	57-67 (A3-G4)	bass	36-58 (C2-Bb3)
chor156	1: 4/4	1: 0	9	9	32.0	9	9	32.0	128.0	166	56	0	0	0										2023-09-21	Linux			4.1.1	2.2.2.post1.dev46+gdbec962	musicxml	musicxml/chor156.mscz	False	45-74 (A2-D5)	xml	soprn	64-74 (E4-D5)	alto	57-71 (A3-B4)	tenor	52-69 (E3-A4)	bass	45-59 (A2-B3)
chor157	1: 4/4	1: 0	9	9	32.0	9	9	32.0	128.0	159	60	0	0	0										2023-09-21	Linux			4.1.1	2.2.2.post1.dev46+gdbec962	musicxml	musicxml/chor157.mscz	False	41-77 (F2-F5)	xml	soprn	65-77 (F4-F5)	alto	60-69 (C4-A4)	tenor	53-65 (F3-F4)	bass	41-62 (F2-D4)
chor158	1: 4/4	1: 0	18	18	64.0	23	23	80.0	256.0	293	111	0	0	0										2023-09-21	Linux			4.1.1	2.2.2.post1.dev46+gdbec962	musicxml	musicxml/chor158.mscz	False	38-76 (D2-E5)	xml	soprn	60-76 (C4-E5)	alto	55-72 (G3-C5)	tenor	50-66 (D3-F#4)	bass	38-60 (D2-C4)
chor159	1: 4/4	1: 0	11	11	40.0	11	11	40.0	148.0	142	55	0	0	0										2023-09-21	Linux			4.1.1	2.2.2.post1.dev46+gdbec962	musicxml	musicxml/chor159.mscz	False	38-74 (D2-D5)	xml	soprn	62-74 (D4-D5)	alto	59-69 (B3-A4)	tenor	55-64 (G3-E4)	bass	38-55 (D2-G3)
chor160	1: 4/4	1: 0	11	11	41.0	11	11	41.0	164.0	172	58	0	0	0										2023-09-21	Linux			4.1.1	2.2.2.post1.dev46+gdbec962	musicxml	musicxml/chor160.mscz	False	43-76 (G2-E5)	xml	soprn	62-76 (D4-E5)	alto	57-71 (A3-B4)	tenor	54-65 (F#3-F4)	bass	43-60 (G2-C4)
chor161	1: 3/4	1: 0	16	16	48.0	24	24	72.0	192.0	175	69	0	0	0										2023-09-21	Linux			4.1.1	2.2.2.post1.dev46+gdbec962	musicxml	musicxml/chor161.mscz	False	38-77 (D2-F5)	xml	soprn	62-77 (D4-F5)	alto	57-70 (A3-Bb4)	tenor	53-65 (F3-F4)	bass	38-58 (D2-Bb3)
chor162	1: 4/4	1: 0	13	13	48.0	13	13	48.0	192.0	245	89	0	0	0										2023-09-21	Linux			4.1.1	2.2.2.post1.dev46+gdbec962	musicxml	musicxml/chor162.mscz	False	42-74 (F#2-D5)	xml	soprn	64-74 (E4-D5)	alto	60-71 (C4-B4)	tenor	50-62 (D3-D4)	bass	42-62 (F#2-D4)
chor163	1: 4/4	1: 0	11	11	36.0	16	16	52.0	144.0	198	73	0	0	0										2023-09-21	Linux			4.1.1	2.2.2.post1.dev46+gdbec962	musicxml	musicxml/chor163.mscz	False	43-77 (G2-F5)	xml	soprn	67-77 (G4-F5)	alto	60-72 (C4-C5)	tenor	53-67 (F3-G4)	bass	43-62 (G2-D4)
chor164	1: 3/4	1: 0	17	17	48.0	17	17	48.0	192.0	189	81	0	0	0										2023-09-21	Linux			4.1.1	2.2.2.post1.dev46+gdbec962	musicxml	musicxml/chor164.mscz	False	38-77 (D2-F5)	xml	soprn	65-77 (F4-F5)	alto	62-70 (D4-Bb4)	tenor	53-63 (F3-Eb4)	bass	38-60 (D2-C4)
chor165	1: 4/4	1: 0	13	13	44.0	18	18	60.0	176.0	205	82	0	0	0										2023-09-21	Linux			4.1.1	2.2.2.post1.dev46+gdbec962	musicxml	musicxml/chor165.mscz	False	36-74 (C2-D5)	xml	soprn	60-74 (C4-D5)	alto	55-69 (G3-A4)	tenor	52-65 (E3-F4)	bass	36-55 (C2-G3)
chor166	1: 4/4	1: 0	15	15	52.0	22	22	76.0	208.0	231	84	0	0	0										2023-09-21	Linux			4.1.1	2.2.2.post1.dev46+gdbec962	musicxml	musicxml/chor166.mscz	False	38-72 (D2-C5)	xml	soprn	66-72 (F#4-C5)	alto	58-69 (Bb3-A4)	tenor	54-64 (F#3-E4)	bass	38-57 (D2-A3)
chor167	1: 4/4	1: 0	17	17	64.0	17	17	64.0	236.0	227	84	0	0	0										2023-09-21	Linux			4.1.1	2.2.2.post1.dev46+gdbec962	musicxml	musicxml/chor167.mscz	False	40-74 (E2-D5)	xml	soprn	64-74 (E4-D5)	alto	59-67 (B3-G4)	tenor	54-64 (F#3-E4)	bass	40-62 (E2-D4)
chor168	1: 4/4	1: 0	10	10	36.0	10	10	36.0	136.0	140	57	0	0	0										2023-09-21	Linux			4.1.1	2.2.2.post1.dev46+gdbec962	musicxml	musicxml/chor168.mscz	False	41-74 (F2-D5)	xml	soprn	62-74 (D4-D5)	alto	57-70 (A3-Bb4)	tenor	53-65 (F3-F4)	bass	41-55 (F2-G3)
chor169	1: 4/4	1: 0	16	16	64.0	16	16	64.0	256.0	278	101	0	0	0										2023-09-21	Linux			4.1.1	2.2.2.post1.dev46+gdbec962	musicxml	musicxml/chor169.mscz	False	40-76 (E2-E5)	xml	soprn	64-76 (E4-E5)	alto	59-71 (B3-B4)	tenor	52-66 (E3-F#4)	bass	40-59 (E2-B3)
chor170	1: 4/4	1: 0	8	8	32.0	8	8	32.0	128.0	149	53	0	0	0										2023-09-21	Linux			4.1.1	2.2.2.post1.dev46+gdbec962	musicxml	musicxml/chor170.mscz	False	40-76 (E2-E5)	xml	soprn	67-76 (G4-E5)	alto	60-69 (C4-A4)	tenor	52-65 (E3-F4)	bass	40-57 (E2-A3)
chor171	1: 4/4	1: 0	12	12	48.0	12	12	48.0	176.0	174	63	0	0	0										2023-09-21	Linux			4.1.1	2.2.2.post1.dev46+gdbec962	musicxml	musicxml/chor171.mscz	False	38-75 (D2-Eb5)	xml	soprn	65-75 (F4-Eb5)	alto	55-70 (G3-Bb4)	tenor	54-67 (F#3-G4)	bass	38-58 (D2-Bb3)
chor172	1: 4/4	1: 0	14	14	56.0	14	14	56.0	224.0	228	79	0	0	0										2023-09-21	Linux			4.1.1	2.2.2.post1.dev46+gdbec962	musicxml	musicxml/chor172.mscz	False	38-75 (D2-Eb5)	xml	soprn	67-75 (G4-Eb5)	alto	62-72 (D4-C5)	tenor	53-67 (F3-G4)	bass	38-60 (D2-C4)
chor173	1: 3/4	1: 0	18	18	54.0	18	18	54.0	216.0	178	60	0	0	0										2023-09-21	Linux			4.1.1	2.2.2.post1.dev46+gdbec962	musicxml	musicxml/chor173.mscz	False	39-77 (Eb2-F5)	xml	soprn	63-77 (Eb4-F5)	alto	58-68 (Bb3-Ab4)	tenor	53-62 (F3-D4)	bass	39-58 (Eb2-Bb3)
chor174	1: 4/4	1: 0	11	11	44.0	11	11	44.0	164.0	164	65	0	0	0										2023-09-21	Linux			4.1.1	2.2.2.post1.dev46+gdbec962	musicxml	musicxml/chor174.mscz	False	38-72 (D2-C5)	xml	soprn	62-72 (D4-C5)	alto	55-67 (G3-G4)	tenor	52-62 (E3-D4)	bass	38-57 (D2-A3)
chor175	1: 4/4	1: 0	9	9	36.0	14	14	56.0	144.0	148	54	0	0	0										2023-09-21	Linux			4.1.1	2.2.2.post1.dev46+gdbec962	musicxml	musicxml/chor175.mscz	False	36-76 (C2-E5)	xml	soprn	60-76 (C4-E5)	alto	55-69 (G3-A4)	tenor	52-64 (E3-E4)	bass	36-55 (C2-G3)
chor176	1: 3/4	1: 0	17	17	48.0	17	17	48.0	192.0	189	82	0	0	0										2023-09-21	Linux			4.1.1	2.2.2.post1.dev46+gdbec962	musicxml	musicxml/chor176.mscz	False	41-72 (F2-C5)	xml	soprn	64-72 (E4-C5)	alto	57-69 (A3-A4)	tenor	50-64 (D3-E4)	bass	41-57 (F2-A3)
chor177	1: 4/4	1: 0	11	11	40.0	11	11	40.0	160.0	164	58	0	0	0										2023-09-21	Linux			4.1.1	2.2.2.post1.dev46+gdbec962	musicxml	musicxml/chor177.mscz	False	45-76 (A2-E5)	xml	soprn	66-76 (F#4-E5)	alto	61-71 (C#4-B4)	tenor	52-64 (E3-E4)	bass	45-59 (A2-B3)
chor178	1: 3/4	1: 0	16	16	48.0	16	16	48.0	192.0	157	49	0	0	0										2023-09-21	Linux			4.1.1	2.2.2.post1.dev46+gdbec962	musicxml	musicxml/chor178.mscz	False	41-79 (F2-G5)	xml	soprn	66-79 (F#4-G5)	alto	62-70 (D4-Bb4)	tenor	55-67 (G3-G4)	bass	41-62 (F2-D4)
chor179	1: 4/4	1: 0	18	18	68.0	26	26	99.0	256.0	279	99	0	0	0										2023-09-21	Linux			4.1.1	2.2.2.post1.dev46+gdbec962	musicxml	musicxml/chor179.mscz	False	44-79 (Ab2-G5)	xml	soprn	63-79 (Eb4-G5)	alto	58-72 (Bb3-C5)	tenor	55-65 (G3-F4)	bass	44-63 (Ab2-Eb4)
chor180	1: 4/4	1: 0	9	9	32.0	9	9	32.0	128.0	141	53	0	0	0										2023-09-21	Linux			4.1.1	2.2.2.post1.dev46+gdbec962	musicxml	musicxml/chor180.mscz	False	38-74 (D2-D5)	xml	soprn	62-74 (D4-D5)	alto	57-69 (A3-A4)	tenor	52-65 (E3-F4)	bass	38-60 (D2-C4)
chor181	1: 4/4	1: 0	12	12	44.0	12	12	44.0	176.0	200	73	0	0	0										2023-09-21	Linux			4.1.1	2.2.2.post1.dev46+gdbec962	musicxml	musicxml/chor181.mscz	False	40-74 (E2-D5)	xml	soprn	64-74 (E4-D5)	alto	59-69 (B3-A4)	tenor	52-67 (E3-G4)	bass	40-59 (E2-B3)
chor182	1: 4/4	1: 0	12	12	40.0	17	17	56.0	160.0	217	77	0	0	0										2023-09-21	Linux			4.1.1	2.2.2.post1.dev46+gdbec962	musicxml	musicxml/chor182.mscz	False	43-74 (G2-D5)	xml	soprn	65-74 (F4-D5)	alto	57-70 (A3-Bb4)	tenor	53-67 (F3-G4)	bass	43-58 (G2-Bb3)
chor183	1: 4/4	1: 0	12	12	40.0	17	17	56.0	160.0	204	80	0	0	0										2023-09-21	Linux			4.1.1	2.2.2.post1.dev46+gdbec962	musicxml	musicxml/chor183.mscz	False	43-76 (G2-E5)	xml	soprn	62-76 (D4-E5)	alto	57-69 (A3-A4)	tenor	50-64 (D3-E4)	bass	43-59 (G2-B3)
chor184	1: 4/4	1: 0	13	13	49.0	18	18	66.0	196.0	212	74	0	0	0										2023-09-21	Linux			4.1.1	2.2.2.post1.dev46+gdbec962	musicxml	musicxml/chor184.mscz	False	38-76 (D2-E5)	xml	soprn	62-76 (D4-E5)	alto	57-69 (A3-A4)	tenor	52-65 (E3-F4)	bass	38-57 (D2-A3)
chor185	1: 4/4	1: 0	9	9	32.0	9	9	32.0	128.0	158	62	0	0	0										2023-09-21	Linux			4.1.1	2.2.2.post1.dev46+gdbec962	musicxml	musicxml/chor185.mscz	False	38-74 (D2-D5)	xml	soprn	60-74 (C4-D5)	alto	57-67 (A3-G4)	tenor	52-65 (E3-F4)	bass	38-57 (D2-A3)
chor186	1: 4/4	1: 0	12	12	44.0	12	12	44.0	176.0	204	77	0	0	0										2023-09-21	Linux			4.1.1	2.2.2.post1.dev46+gdbec962	musicxml	musicxml/chor186.mscz	False	38-70 (D2-Bb4)	xml	soprn	60-70 (C4-Bb4)	alto	53-67 (F3-G4)	tenor	52-62 (E3-D4)	bass	38-53 (D2-F3)
chor187	1: 4/4	1: 0	9	9	32.0	9	9	32.0	128.0	144	55	0	0	0										2023-09-21	Linux			4.1.1	2.2.2.post1.dev46+gdbec962	musicxml	musicxml/chor187.mscz	False	36-76 (C2-E5)	xml	soprn	65-76 (F4-E5)	alto	59-69 (B3-A4)	tenor	55-65 (G3-F4)	bass	36-60 (C2-C4)
chor188	1: 3/4	1: 0	16	16	48.0	16	16	48.0	192.0	160	61	0	0	0										2023-09-21	Linux			4.1.1	2.2.2.post1.dev46+gdbec962	musicxml	musicxml/chor188.mscz	False	43-74 (G2-D5)	xml	soprn	65-74 (F4-D5)	alto	60-70 (C4-Bb4)	tenor	55-67 (G3-G4)	bass	43-57 (G2-A3)
chor189	1: 4/4	1: 0	9	9	32.0	9	9	32.0	128.0	156	59	0	0	0										2023-09-21	Linux			4.1.1	2.2.2.post1.dev46+gdbec962	musicxml	musicxml/chor189.mscz	False	45-78 (A2-F#5)	xml	soprn	66-78 (F#4-F#5)	alto	57-69 (A3-A4)	tenor	56-66 (G#3-F#4)	bass	45-59 (A2-B3)
chor190	1: 4/4	1: 0	12	12	48.0	12	12	48.0	192.0	200	80	0	0	0										2023-09-21	Linux			4.1.1	2.2.2.post1.dev46+gdbec962	musicxml	musicxml/chor190.mscz	False	40-76 (E2-E5)	xml	soprn	64-76 (E4-E5)	alto	59-69 (B3-A4)	tenor	50-64 (D3-E4)	bass	40-59 (E2-B3)
chor191	1: 4/4	1: 0	14	14	48.0	19	19	64.0	192.0	178	56	0	0	0										2023-09-21	Linux			4.1.1	2.2.2.post1.dev46+gdbec962	musicxml	musicxml/chor191.mscz	False	40-76 (E2-E5)	xml	soprn	64-76 (E4-E5)	alto	60-69 (C4-A4)	tenor	52-65 (E3-F4)	bass	40-57 (E2-A3)
chor192	1: 3/4	1: 0	16	16	48.0	24	24	72.0	192.0	152	49	0	0	0										2023-09-21	Linux			4.1.1	2.2.2.post1.dev46+gdbec962	musicxml	musicxml/chor192.mscz	False	41-77 (F2-F5)	xml	soprn	65-77 (F4-F5)	alto	60-72 (C4-C5)	tenor	55-67 (G3-G4)	bass	41-58 (F2-Bb3)
chor193	1: 4/4	1: 0	10	10	40.0	13	13	52.0	136.0	132	49	0	0	0										2023-09-21	Linux			4.1.1	2.2.2.post1.dev46+gdbec962	musicxml	musicxml/chor193.mscz	False	40-77 (E2-F5)	xml	soprn	67-77 (G4-F5)	alto	62-69 (D4-A4)	tenor	56-64 (G#3-E4)	bass	40-57 (E2-A3)
chor194	1: 3/2	1: 0	16	16	96.0	24	24	144.0	384.0	179	56	0	0	0										2023-09-21	Linux			4.1.1	2.2.2.post1.dev46+gdbec962	musicxml	musicxml/chor194.mscz	False	42-74 (F#2-D5)	xml	soprn	58-74 (A#3-D5)	alto	54-70 (F#3-A#4)	tenor	54-66 (F#3-F#4)	bass	42-61 (F#2-C#4)
chor195	1: 4/4	1: 0	15	15	56.0	22	22	81.0	224.0	236	83	0	0	0										2023-09-21	Linux			4.1.1	2.2.2.post1.dev46+gdbec962	musicxml	musicxml/chor195.mscz	False	38-74 (D2-D5)	xml	soprn	62-74 (D4-D5)	alto	57-69 (A3-A4)	tenor	50-66 (D3-F#4)	bass	38-59 (D2-B3)
chor196	1: 4/4	1: 0	13	13	48.0	13	13	48.0	192.0	235	89	0	0	0										2023-09-21	Linux			4.1.1	2.2.2.post1.dev46+gdbec962	musicxml	musicxml/chor196.mscz	False	39-77 (Eb2-F5)	xml	soprn	63-77 (Eb4-F5)	alto	60-68 (C4-Ab4)	tenor	53-63 (F3-Eb4)	bass	39-58 (Eb2-Bb3)
chor197	1: 4/4	1: 0	31	31	118.0	31	31	118.0	468.0	554	223	0	0	0										2023-09-21	Linux			4.1.1	2.2.2.post1.dev46+gdbec962	musicxml	musicxml/chor197.mscz	False	36-74 (C2-D5)	xml	soprn	57-74 (A3-D5)	alto	55-70 (G3-Bb4)	tenor	50-65 (D3-F4)	bass	36-58 (C2-Bb3)
chor198	1: 4/4	1: 0	17	17	68.0	17	17	68.0	272.0	311	119	0	0	0										2023-09-21	Linux			4.1.1	2.2.2.post1.dev46+gdbec962	musicxml	musicxml/chor198.mscz	False	37-76 (C#2-E5)	xml	soprn	60-76 (C4-E5)	alto	55-71 (G3-B4)	tenor	50-65 (D3-F4)	bass	37-60 (C#2-C4)
chor199	1: 3/4	1: 0	23	23	63.0	32	32	87.0	252.0	230	101	0	0	0										2023-09-21	Linux			4.1.1	2.2.2.post1.dev46+gdbec962	musicxml	musicxml/chor199.mscz	False	38-74 (D2-D5)	xml	soprn	62-74 (D4-D5)	alto	57-70 (A3-Bb4)	tenor	53-65 (F3-F4)	bass	38-58 (D2-Bb3)
chor200	1: 4/4	1: 0	15	15	60.0	15	15	60.0	240.0	256	100	0	0	0										2023-09-21	Linux			4.1.1	2.2.2.post1.dev46+gdbec962	musicxml	musicxml/chor200.mscz	False	38-75 (D2-Eb5)	xml	soprn	67-75 (G4-Eb5)	alto	62-70 (D4-Bb4)	tenor	55-67 (G3-G4)	bass	38-60 (D2-C4)
chor201	1: 4/4	1: 0	20	20	72.0	27	27	96.0	288.0	341	128	0	0	0										2023-09-21	Linux			4.1.1	2.2.2.post1.dev46+gdbec962	musicxml	musicxml/chor201.mscz	False	39-75 (Eb2-Eb5)	xml	soprn	63-75 (Eb4-Eb5)	alto	58-70 (Bb3-Bb4)	tenor	50-65 (D3-F4)	bass	39-58 (Eb2-Bb3)
chor202	1: 4/4	1: 0	27	27	108.0	27	27	108.0	432.0	379	158	0	0	0										2023-09-21	Linux			4.1.1	2.2.2.post1.dev46+gdbec962	musicxml	musicxml/chor202.mscz	False	38-76 (D2-E5)	xml	soprn	62-76 (D4-E5)	alto	57-71 (A3-B4)	tenor	50-66 (D3-F#4)	bass	38-57 (D2-A3)
chor203	1: 3/4	1: 0	21	21	63.0	21	21	63.0	252.0	240	98	0	0	0										2023-09-21	Linux			4.1.1	2.2.2.post1.dev46+gdbec962	musicxml	musicxml/chor203.mscz	False	38-74 (D2-D5)	xml	soprn	62-74 (D4-D5)	alto	54-69 (F#3-A4)	tenor	51-63 (Eb3-Eb4)	bass	38-57 (D2-A3)
chor204	1: 4/4	1: 0	11	11	36.0	17	17	56.0	144.0	143	42	0	0	0										2023-09-21	Linux			4.1.1	2.2.2.post1.dev46+gdbec962	musicxml	musicxml/chor204.mscz	False	38-74 (D2-D5)	xml	soprn	62-74 (D4-D5)	alto	57-67 (A3-G4)	tenor	53-63 (F3-Eb4)	bass	38-58 (D2-Bb3)
chor205	1: 4/4	1: 0	57	57	193.0	80	80	265.0	768.0	957	391	0	0	0										2023-09-21	Linux			4.1.1	2.2.2.post1.dev46+gdbec962	musicxml	musicxml/chor205.mscz	False	36-74 (C2-D5)	xml	soprn	60-74 (C4-D5)	alto	55-69 (G3-A4)	tenor	48-65 (C3-F4)	bass	36-58 (C2-Bb3)
chor206	1: 4/4	1: 0	16	16	60.0	16	16	60.0	228.0	255	92	0	0	0										2023-09-21	Linux			4.1.1	2.2.2.post1.dev46+gdbec962	musicxml	musicxml/chor206.mscz	False	38-77 (D2-F5)	xml	soprn	62-77 (D4-F5)	alto	57-71 (A3-B4)	tenor	51-67 (Eb3-G4)	bass	38-58 (D2-Bb3)
chor207	1: 3/4	1: 0	16	16	48.0	16	16	48.0	192.0	180	72	0	0	0										2023-09-21	Linux			4.1.1	2.2.2.post1.dev46+gdbec962	musicxml	musicxml/chor207.mscz	False	38-70 (D2-Bb4)	xml	soprn	62-70 (D4-Bb4)	alto	57-69 (A3-A4)	tenor	50-62 (D3-D4)	bass	38-55 (D2-G3)
chor208	1: 3/4	1: 0	22	22	66.0	22	22	66.0	264.0	235	84	0	0	0										2023-09-21	Linux			4.1.1	2.2.2.post1.dev46+gdbec962	musicxml	musicxml/chor208.mscz	False	40-71 (E2-B4)	xml	soprn	63-71 (D#4-B4)	alto	59-67 (B3-G4)	tenor	51-64 (D#3-E4)	bass	40-55 (E2-G3)
chor209	1: 3/4	1: 0	18	18	48.0	27	27	72.0	192.0	211	75	0	0	0										2023-09-21	Linux			4.1.1	2.2.2.post1.dev46+gdbec962	musicxml	musicxml/chor209.mscz	False	41-79 (F2-G5)	xml	soprn	65-79 (F4-G5)	alto	62-70 (D4-Bb4)	tenor	53-67 (F3-G4)	bass	41-58 (F2-Bb3)
chor210	1: 4/4	1: 0	16	16	60.0	16	16	60.0	228.0	224	83	0	0	0										2023-09-21	Linux			4.1.1	2.2.2.post1.dev46+gdbec962	musicxml	musicxml/chor210.mscz	False	41-74 (F2-D5)	xml	soprn	62-74 (D4-D5)	alto	57-69 (A3-A4)	tenor	51-65 (Eb3-F4)	bass	41-53 (F2-F3)
chor211	1: 4/4	1: 0	16	16	64.0	16	16	64.0	248.0	272	104	0	0	0										2023-09-21	Linux			4.1.1	2.2.2.post1.dev46+gdbec962	musicxml	musicxml/chor211.mscz	False	42-76 (F#2-E5)	xml	soprn	67-76 (G4-E5)	alto	60-71 (C4-B4)	tenor	55-66 (G3-F#4)	bass	42-62 (F#2-D4)
chor212	1: 4/4	1: 0	14	14	56.0	14	14	56.0	224.0	224	87	0	0	0										2023-09-21	Linux			4.1.1	2.2.2.post1.dev46+gdbec962	musicxml	musicxml/chor212.mscz	False	39-77 (Eb2-F5)	xml	soprn	63-77 (Eb4-F5)	alto	58-70 (Bb3-Bb4)	tenor	53-65 (F3-F4)	bass	39-58 (Eb2-Bb3)
chor213	1: 4/4	1: 0	11	11	44.0	11	11	44.0	172.0	181	63	0	0	0										2023-09-21	Linux			4.1.1	2.2.2.post1.dev46+gdbec962	musicxml	musicxml/chor213.mscz	False	38-76 (D2-E5)	xml	soprn	62-76 (D4-E5)	alto	57-71 (A3-B4)	tenor	50-65 (D3-F4)	bass	38-57 (D2-A3)
chor214	1: 4/4	1: 0	27	27	108.0	32	32	128.0	412.0	443	169	0	0	0										2023-09-21	Linux			4.1.1	2.2.2.post1.dev46+gdbec962	musicxml	musicxml/chor214.mscz	False	36-74 (C2-D5)	xml	soprn	60-74 (C4-D5)	alto	55-69 (G3-A4)	tenor	50-65 (D3-F4)	bass	36-57 (C2-A3)
chor215	1: 4/4	1: 0	28	28	108.0	28	28	108.0	428.0	475	172	0	0	0										2023-09-21	Linux			4.1.1	2.2.2.post1.dev46+gdbec962	musicxml	musicxml/chor215.mscz	False	38-77 (D2-F5)	xml	soprn	65-77 (F4-F5)	alto	57-69 (A3-A4)	tenor	50-63 (D3-Eb4)	bass	38-58 (D2-Bb3)
chor216	1: 4/4	1: 0	20	20	80.0	20	20	80.0	292.0	281	91	0	0	0										2023-09-21	Linux			4.1.1	2.2.2.post1.dev46+gdbec962	musicxml	musicxml/chor216.mscz	False	45-76 (A2-E5)	xml	soprn	69-76 (A4-E5)	alto	59-73 (B3-C#5)	tenor	54-67 (F#3-G4)	bass	45-61 (A2-C#4)
chor217	1: 3/4	1: 0	16	16	48.0	16	16	48.0	192.0	143	40	0	0	0										2023-09-21	Linux			4.1.1	2.2.2.post1.dev46+gdbec962	musicxml	musicxml/chor217.mscz	False	43-77 (G2-F5)	xml	soprn	67-77 (G4-F5)	alto	64-74 (E4-D5)	tenor	53-67 (F3-G4)	bass	43-60 (G2-C4)
chor218	1: 4/4	1: 0	17	17	62.0	20	20	72.0	248.0	265	100	0	0	0										2023-09-21	Linux			4.1.1	2.2.2.post1.dev46+gdbec962	musicxml	musicxml/chor218.mscz	False	42-74 (F#2-D5)	xml	soprn	62-74 (D4-D5)	alto	57-70 (A3-Bb4)	tenor	53-65 (F3-F4)	bass	42-58 (F#2-Bb3)
chor219	1: 4/4	1: 0	11	11	44.0	11	11	44.0	176.0	197	76	0	0	0										2023-09-21	Linux			4.1.1	2.2.2.post1.dev46+gdbec962	musicxml	musicxml/chor219.mscz	False	36-77 (C2-F5)	xml	soprn	62-77 (D4-F5)	alto	57-69 (A3-A4)	tenor	52-62 (E3-D4)	bass	36-58 (C2-Bb3)
chor220	1: 3/4	1: 0	32	32	96.0	40	40	120.0	384.0	380	154	0	0	0										2023-09-21	Linux			4.1.1	2.2.2.post1.dev46+gdbec962	musicxml	musicxml/chor220.mscz	False	38-77 (D2-F5)	xml	soprn	62-77 (D4-F5)	alto	57-70 (A3-Bb4)	tenor	53-67 (F3-G4)	bass	38-62 (D2-D4)
chor221	1: 4/4	1: 0	12	12	40.0	17	17	56.0	160.0	199	82	0	0	0										2023-09-21	Linux			4.1.1	2.2.2.post1.dev46+gdbec962	musicxml	musicxml/chor221.mscz	False	44-74 (G#2-D5)	xml	soprn	64-74 (E4-D5)	alto	61-69 (C#4-A4)	tenor	55-65 (G3-F4)	bass	44-59 (G#2-B3)
chor222	1: 3/4	1: 0	18	18	54.0	22	22	66.0	216.0	199	69	0	0	0										2023-09-21	Linux			4.1.1	2.2.2.post1.dev46+gdbec962	musicxml	musicxml/chor222.mscz	False	43-76 (G2-E5)	xml	soprn	67-76 (G4-E5)	alto	62-69 (D4-A4)	tenor	57-67 (A3-G4)	bass	43-60 (G2-C4)
chor223	1: 4/4	1: 0	16	16	61.0	16	16	61.0	236.0	241	94	0	0	0										2023-09-21	Linux			4.1.1	2.2.2.post1.dev46+gdbec962	musicxml	musicxml/chor223.mscz	False	36-72 (C2-C5)	xml	soprn	60-72 (C4-C5)	alto	55-69 (G3-A4)	tenor	50-64 (D3-E4)	bass	36-57 (C2-A3)
chor224	1: 4/4	1: 0	9	9	32.0	9	9	32.0	128.0	147	56	0	0	0										2023-09-21	Linux			4.1.1	2.2.2.post1.dev46+gdbec962	musicxml	musicxml/chor224.mscz	False	41-77 (F2-F5)	xml	soprn	65-77 (F4-F5)	alto	60-72 (C4-C5)	tenor	53-69 (F3-A4)	bass	41-57 (F2-A3)
chor225	1: 4/4	1: 0	12	12	40.0	19	19	64.0	160.0	207	76	0	0	0										2023-09-21	Linux			4.1.1	2.2.2.post1.dev46+gdbec962	musicxml	musicxml/chor225.mscz	False	40-77 (E2-F5)	xml	soprn	67-77 (G4-F5)	alto	62-74 (D4-D5)	tenor	54-67 (F#3-G4)	bass	40-58 (E2-Bb3)
chor226	1: 4/4	1: 0	12	12	40.0	17	17	56.0	160.0	207	82	0	0	0										2023-09-21	Linux			4.1.1	2.2.2.post1.dev46+gdbec962	musicxml	musicxml/chor226.mscz	False	42-74 (F#2-D5)	xml	soprn	65-74 (F4-D5)	alto	55-69 (G3-A4)	tenor	50-63 (D3-Eb4)	bass	42-58 (F#2-Bb3)
chor227	1: 4/4	1: 0	20	20	76.0	20	20	76.0	284.0	320	122	0	0	0										2023-09-21	Linux			4.1.1	2.2.2.post1.dev46+gdbec962	musicxml	musicxml/chor227.mscz	False	38-74 (D2-D5)	xml	soprn	62-74 (D4-D5)	alto	55-70 (G3-Bb4)	tenor	50-67 (D3-G4)	bass	38-58 (D2-Bb3)
chor228	1: 4/4	1: 0	7	7	24.0	7	7	24.0	96.0	102	40	0	0	0										2023-09-21	Linux			4.1.1	2.2.2.post1.dev46+gdbec962	musicxml	musicxml/chor228.mscz	False	40-76 (E2-E5)	xml	soprn	69-76 (A4-E5)	alto	64-71 (E4-B4)	tenor	54-65 (F#3-F4)	bass	40-57 (E2-A3)
chor229	1: 4/4	1: 0	19	19	72.0	19	19	72.0	288.0	352	146	0	0	0										2023-09-21	Linux			4.1.1	2.2.2.post1.dev46+gdbec962	musicxml	musicxml/chor229.mscz	False	41-74 (F2-D5)	xml	soprn	62-74 (D4-D5)	alto	57-69 (A3-A4)	tenor	48-63 (C3-Eb4)	bass	41-55 (F2-G3)
chor230	1: 4/4	1: 0	11	11	40.0	11	11	40.0	160.0	207	76	0	0	0										2023-09-21	Linux			4.1.1	2.2.2.post1.dev46+gdbec962	musicxml	musicxml/chor230.mscz	False	43-77 (G2-F5)	xml	soprn	65-77 (F4-F5)	alto	62-70 (D4-Bb4)	tenor	55-67 (G3-G4)	bass	43-58 (G2-Bb3)
chor231	1: 4/4	1: 0	15	15	57.0	15	15	57.0	208.0	190	64	0	0	0										2023-09-21	Linux			4.1.1	2.2.2.post1.dev46+gdbec962	musicxml	musicxml/chor231.mscz	False	38-74 (D2-D5)	xml	soprn	67-74 (G4-D5)	alto	59-69 (B3-A4)	tenor	50-65 (D3-F4)	bass	38-57 (D2-A3)
chor232	1: 4/4	1: 0	12	12	45.0	12	12	45.0	180.0	206	74	0	0	0										2023-09-21	Linux			4.1.1	2.2.2.post1.dev46+gdbec962	musicxml	musicxml/chor232.mscz	False	38-76 (D2-E5)	xml	soprn	62-76 (D4-E5)	alto	57-71 (A3-B4)	tenor	52-65 (E3-F4)	bass	38-58 (D2-Bb3)
chor233	1: 4/4	1: 0	12	12	48.0	16	16	64.0	192.0	203	68	0	0	0										2023-09-21	Linux			4.1.1	2.2.2.post1.dev46+gdbec962	musicxml	musicxml/chor233.mscz	False	45-78 (A2-F#5)	xml	soprn	69-78 (A4-F#5)	alto	64-71 (E4-B4)	tenor	57-66 (A3-F#4)	bass	45-61 (A2-C#4)
chor234	1: 3/4	1: 0	38	38	114.0	38	38	114.0	456.0	378	122	0	0	0										2023-09-21	Linux			4.1.1	2.2.2.post1.dev46+gdbec962	musicxml	musicxml/chor234.mscz	False	41-77 (F2-F5)	xml	soprn	62-77 (D4-F5)	alto	57-72 (A3-C5)	tenor	53-67 (F3-G4)	bass	41-60 (F2-C4)
chor235	1: 4/4	1: 0	17	17	68.0	17	17	68.0	264.0	286	112	0	0	0										2023-09-21	Linux			4.1.1	2.2.2.post1.dev46+gdbec962	musicxml	musicxml/chor235.mscz	False	36-77 (C2-F5)	xml	soprn	65-77 (F4-F5)	alto	60-69 (C4-A4)	tenor	53-65 (F3-F4)	bass	36-60 (C2-C4)
chor236	1: 4/4	1: 0	9	9	32.0	9	9	32.0	128.0	154	51	0	0	0										2023-09-21	Linux			4.1.1	2.2.2.post1.dev46+gdbec962	musicxml	musicxml/chor236.mscz	False	40-78 (E2-F#5)	xml	soprn	64-78 (E4-F#5)	alto	59-73 (B3-C#5)	tenor	54-67 (F#3-G4)	bass	40-61 (E2-C#4)
chor237	1: 4/4	1: 0	16	16	64.0	16	16	64.0	256.0	288	108	0	0	0										2023-09-21	Linux			4.1.1	2.2.2.post1.dev46+gdbec962	musicxml	musicxml/chor237.mscz	False	38-77 (D2-F5)	xml	soprn	62-77 (D4-F5)	alto	55-70 (G3-Bb4)	tenor	53-67 (F3-G4)	bass	38-58 (D2-Bb3)
chor238	1: 4/4	1: 0	10	10	40.0	10	10	40.0	160.0	166	64	0	0	0										2023-09-21	Linux			4.1.1	2.2.2.post1.dev46+gdbec962	musicxml	musicxml/chor238.mscz	False	40-74 (E2-D5)	xml	soprn	62-74 (D4-D5)	alto	57-69 (A3-A4)	tenor	52-64 (E3-E4)	bass	40-60 (E2-C4)
chor239	1: 4/4	1: 0	14	14	56.0	14	14	56.0	224.0	249	100	0	0	0										2023-09-21	Linux			4.1.1	2.2.2.post1.dev46+gdbec962	musicxml	musicxml/chor239.mscz	False	36-76 (C2-E5)	xml	soprn	60-76 (C4-E5)	alto	55-69 (G3-A4)	tenor	50-64 (D3-E4)	bass	36-55 (C2-G3)
chor240	1: 4/4	1: 0	9	9	32.0	9	9	32.0	124.0	127	48	0	0	0										2023-09-21	Linux			4.1.1	2.2.2.post1.dev46+gdbec962	musicxml	musicxml/chor240.mscz	False	36-76 (C2-E5)	xml	soprn	68-76 (G#4-E5)	alto	64-71 (E4-B4)	tenor	55-65 (G3-F4)	bass	36-52 (C2-E3)
chor241	1: 4/4	1: 0	26	26	101.0	26	26	101.0	380.0	517	197	0	0	0										2023-09-21	Linux			4.1.1	2.2.2.post1.dev46+gdbec962	musicxml	musicxml/chor241.mscz	False	36-74 (C2-D5)	xml	soprn	62-74 (D4-D5)	alto	57-69 (A3-A4)	tenor	52-65 (E3-F4)	bass	36-58 (C2-Bb3)
chor242	1: 4/4	1: 0	12	12	44.0	12	12	44.0	176.0	216	82	0	0	0										2023-09-21	Linux			4.1.1	2.2.2.post1.dev46+gdbec962	musicxml	musicxml/chor242.mscz	False	40-72 (E2-C5)	xml	soprn	64-72 (E4-C5)	alto	59-67 (B3-G4)	tenor	50-65 (D3-F4)	bass	40-59 (E2-B3)
chor243	1: 3/4	1: 0	20	20	60.0	28	28	84.0	240.0	215	79	0	0	0										2023-09-21	Linux			4.1.1	2.2.2.post1.dev46+gdbec962	musicxml	musicxml/chor243.mscz	False	38-77 (D2-F5)	xml	soprn	65-77 (F4-F5)	alto	59-70 (B3-Bb4)	tenor	50-65 (D3-F4)	bass	38-58 (D2-Bb3)
chor244	1: 4/4	1: 0	16	16	64.0	16	16	64.0	256.0	287	105	0	0	0										2023-09-21	Linux			4.1.1	2.2.2.post1.dev46+gdbec962	musicxml	musicxml/chor244.mscz	False	39-77 (Eb2-F5)	xml	soprn	60-77 (C4-F5)	alto	55-68 (G3-Ab4)	tenor	52-65 (E3-F4)	bass	39-60 (Eb2-C4)
chor245	1: 4/4	1: 0	9	9	32.0	9	9	32.0	128.0	180	64	0	0	0										2023-09-21	Linux			4.1.1	2.2.2.post1.dev46+gdbec962	musicxml	musicxml/chor245.mscz	False	41-72 (F2-C5)	xml	soprn	65-72 (F4-C5)	alto	60-67 (C4-G4)	tenor	55-63 (G3-Eb4)	bass	41-55 (F2-G3)
chor246	1: 4/4	1: 0	13	13	52.0	17	17	68.0	208.0	253	101	0	0	0										2023-09-21	Linux			4.1.1	2.2.2.post1.dev46+gdbec962	musicxml	musicxml/chor246.mscz	False	43-78 (G2-F#5)	xml	soprn	62-78 (D4-F#5)	alto	59-71 (B3-B4)	tenor	55-65 (G3-F4)	bass	43-60 (G2-C4)
chor247	1: 4/4	1: 0	9	9	32.0	9	9	32.0	128.0	177	68	0	0	0										2023-09-21	Linux			4.1.1	2.2.2.post1.dev46+gdbec962	musicxml	musicxml/chor247.mscz	False	43-74 (G2-D5)	xml	soprn	62-74 (D4-D5)	alto	61-69 (C#4-A4)	tenor	52-64 (E3-E4)	bass	43-59 (G2-B3)
chor248	1: 4/4	1: 0	12	12	40.0	17	17	56.0	160.0	204	72	0	0	0										2023-09-21	Linux			4.1.1	2.2.2.post1.dev46+gdbec962	musicxml	musicxml/chor248.mscz	False	43-79 (G2-G5)	xml	soprn	64-79 (E4-G5)	alto	60-74 (C4-D5)	tenor	55-69 (G3-A4)	bass	43-62 (G2-D4)
chor249	1: 4/4	1: 0	12	12	40.0	17	17	56.0	160.0	216	77	0	0	0										2023-09-21	Linux			4.1.1	2.2.2.post1.dev46+gdbec962	musicxml	musicxml/chor249.mscz	False	43-74 (G2-D5)	xml	soprn	64-74 (E4-D5)	alto	57-69 (A3-A4)	tenor	52-65 (E3-F4)	bass	43-62 (G2-D4)
chor250	1: 4/4	1: 0	13	13	44.0	18	18	60.0	176.0	240	79	0	0	0										2023-09-21	Linux			4.1.1	2.2.2.post1.dev46+gdbec962	musicxml	musicxml/chor250.mscz	False	43-74 (G2-D5)	xml	soprn	62-74 (D4-D5)	alto	57-69 (A3-A4)	tenor	52-66 (E3-F#4)	bass	43-62 (G2-D4)
chor251	1: 4/4	1: 0	12	12	40.0	19	19	64.0	160.0	203	73	0	0	0										2023-09-21	Linux			4.1.1	2.2.2.post1.dev46+gdbec962	musicxml	musicxml/chor251.mscz	False	43-79 (G2-G5)	xml	soprn	66-79 (F#4-G5)	alto	62-72 (D4-C5)	tenor	55-62 (G3-D4)	bass	43-60 (G2-C4)
chor252	1: 4/4, 18: 3/4	1: 0	32	32	106.0	41	41	138.0	424.0	458	162	0	0	0										2023-09-21	Linux			4.1.1	2.2.2.post1.dev46+gdbec962	musicxml	musicxml/chor252.mscz	False	41-77 (F2-F5)	xml	soprn	65-77 (F4-F5)	alto	60-74 (C4-D5)	tenor	53-65 (F3-F4)	bass	41-60 (F2-C4)
chor253	1: 4/4	1: 0	18	18	68.0	18	18	68.0	260.0	255	90	0	0	0										2023-09-21	Linux			4.1.1	2.2.2.post1.dev46+gdbec962	musicxml	musicxml/chor253.mscz	False	41-74 (F2-D5)	xml	soprn	62-74 (D4-D5)	alto	60-70 (C4-Bb4)	tenor	53-66 (F3-F#4)	bass	41-62 (F2-D4)
chor254	1: 4/4	1: 0	13	13	52.0	17	17	68.0	208.0	216	77	0	0	0										2023-09-21	Linux			4.1.1	2.2.2.post1.dev46+gdbec962	musicxml	musicxml/chor254.mscz	False	43-81 (G2-A5)	xml	soprn	67-81 (G4-A5)	alto	62-72 (D4-C5)	tenor	52-67 (E3-G4)	bass	43-60 (G2-C4)
chor255	1: 4/4	1: 0	17	17	64.0	17	17	64.0	252.0	248	83	0	0	0										2023-09-21	Linux			4.1.1	2.2.2.post1.dev46+gdbec962	musicxml	musicxml/chor255.mscz	False	43-76 (G2-E5)	xml	soprn	62-76 (D4-E5)	alto	57-71 (A3-B4)	tenor	52-66 (E3-F#4)	bass	43-59 (G2-B3)
chor256	1: 4/4	1: 0	13	13	52.0	17	17	68.0	208.0	221	83	0	0	0										2023-09-21	Linux			4.1.1	2.2.2.post1.dev46+gdbec962	musicxml	musicxml/chor256.mscz	False	41-79 (F2-G5)	xml	soprn	65-79 (F4-G5)	alto	60-70 (C4-Bb4)	tenor	53-67 (F3-G4)	bass	41-60 (F2-C4)
chor257	1: 3/4	1: 0	17	17	49.0	17	17	49.0	196.0	150	48	0	0	0										2023-09-21	Linux			4.1.1	2.2.2.post1.dev46+gdbec962	musicxml	musicxml/chor257.mscz	False	46-75 (Bb2-Eb5)	xml	soprn	65-75 (F4-Eb5)	alto	62-72 (D4-C5)	tenor	55-63 (G3-Eb4)	bass	46-58 (Bb2-Bb3)
chor258	1: 4/4	1: 0	17	17	64.0	17	17	64.0	232.0	248	98	0	0	0										2023-09-21	Linux			4.1.1	2.2.2.post1.dev46+gdbec962	musicxml	musicxml/chor258.mscz	False	38-76 (D2-E5)	xml	soprn	62-76 (D4-E5)	alto	55-69 (G3-A4)	tenor	54-66 (F#3-F#4)	bass	38-55 (D2-G3)
chor259	1: 4/4	1: 0	28	28	108.0	28	28	108.0	432.0	471	168	0	0	0										2023-09-21	Linux			4.1.1	2.2.2.post1.dev46+gdbec962	musicxml	musicxml/chor259.mscz	False	45-76 (A2-E5)	xml	soprn	64-76 (E4-E5)	alto	61-73 (C#4-C#5)	tenor	52-66 (E3-F#4)	bass	45-62 (A2-D4)
chor260	1: 4/4	1: 0	12	12	40.0	17	17	56.0	160.0	194	67	0	0	0										2023-09-21	Linux			4.1.1	2.2.2.post1.dev46+gdbec962	musicxml	musicxml/chor260.mscz	False	43-77 (G2-F5)	xml	soprn	65-77 (F4-F5)	alto	62-72 (D4-C5)	tenor	53-67 (F3-G4)	bass	43-58 (G2-Bb3)
chor261	1: 4/4	1: 0	14	14	49.0	19	19	65.0	192.0	199	66	0	0	0										2023-09-21	Linux			4.1.1	2.2.2.post1.dev46+gdbec962	musicxml	musicxml/chor261.mscz	False	40-78 (E2-F#5)	xml	soprn	64-78 (E4-F#5)	alto	55-73 (G3-C#5)	tenor	52-66 (E3-F#4)	bass	40-57 (E2-A3)
chor262	1: 4/4	1: 0	13	13	44.0	18	18	60.0	176.0	190	60	0	0	0										2023-09-21	Linux			4.1.1	2.2.2.post1.dev46+gdbec962	musicxml	musicxml/chor262.mscz	False	43-74 (G2-D5)	xml	soprn	62-74 (D4-D5)	alto	58-70 (Bb3-Bb4)	tenor	52-67 (E3-G4)	bass	43-58 (G2-Bb3)
chor263	1: 4/4	1: 0	13	13	52.0	19	19	76.0	208.0	190	63	0	0	0										2023-09-21	Linux			4.1.1	2.2.2.post1.dev46+gdbec962	musicxml	musicxml/chor263.mscz	False	43-79 (G2-G5)	xml	soprn	64-79 (E4-G5)	alto	59-71 (B3-B4)	tenor	54-69 (F#3-A4)	bass	43-60 (G2-C4)
chor264	1: 4/4	1: 0	13	13	52.0	13	13	52.0	208.0	221	75	0	0	0										2023-09-21	Linux			4.1.1	2.2.2.post1.dev46+gdbec962	musicxml	musicxml/chor264.mscz	False	46-77 (Bb2-F5)	xml	soprn	65-77 (F4-F5)	alto	58-70 (Bb3-Bb4)	tenor	52-69 (E3-A4)	bass	46-60 (Bb2-C4)
chor265	1: 4/4	1: 0	17	17	60.0	23	23	80.0	240.0	255	89	0	0	0										2023-09-21	Linux			4.1.1	2.2.2.post1.dev46+gdbec962	musicxml	musicxml/chor265.mscz	False	42-76 (F#2-E5)	xml	soprn	66-76 (F#4-E5)	alto	61-73 (C#4-C#5)	tenor	54-67 (F#3-G4)	bass	42-59 (F#2-B3)
chor266	1: 4/4	1: 0	13	13	44.0	18	18	60.0	176.0	202	67	0	0	0										2023-09-21	Linux			4.1.1	2.2.2.post1.dev46+gdbec962	musicxml	musicxml/chor266.mscz	False	41-74 (F2-D5)	xml	soprn	62-74 (D4-D5)	alto	58-70 (Bb3-Bb4)	tenor	50-67 (D3-G4)	bass	41-62 (F2-D4)
chor267	1: 4/4	1: 0	13	13	49.0	13	13	49.0	196.0	233	79	0	0	0										2023-09-21	Linux			4.1.1	2.2.2.post1.dev46+gdbec962	musicxml	musicxml/chor267.mscz	False	43-77 (G2-F5)	xml	soprn	62-77 (D4-F5)	alto	57-71 (A3-B4)	tenor	52-65 (E3-F4)	bass	43-60 (G2-C4)
chor268	1: 4/4	1: 0	21	21	76.0	26	26	92.0	304.0	369	128	0	0	0										2023-09-21	Linux			4.1.1	2.2.2.post1.dev46+gdbec962	musicxml	musicxml/chor268.mscz	False	43-79 (G2-G5)	xml	soprn	67-79 (G4-G5)	alto	62-72 (D4-C5)	tenor	52-67 (E3-G4)	bass	43-62 (G2-D4)
chor269	1: 4/4	1: 0	14	14	56.0	19	19	76.0	224.0	235	81	0	0	0										2023-09-21	Linux			4.1.1	2.2.2.post1.dev46+gdbec962	musicxml	musicxml/chor269.mscz	False	41-75 (F2-Eb5)	xml	soprn	65-75 (F4-Eb5)	alto	60-69 (C4-A4)	tenor	54-65 (F#3-F4)	bass	41-62 (F2-D4)
chor270	1: 4/4	1: 0	14	14	48.0	19	19	64.0	188.0	215	79	0	0	0										2023-09-21	Linux			4.1.1	2.2.2.post1.dev46+gdbec962	musicxml	musicxml/chor270.mscz	False	40-74 (E2-D5)	xml	soprn	62-74 (D4-D5)	alto	56-69 (G#3-A4)	tenor	50-64 (D3-E4)	bass	40-57 (E2-A3)
chor271	1: 4/4	1: 0	14	14	48.0	20	20	68.0	184.0	253	83	0	0	0										2023-09-21	Linux			4.1.1	2.2.2.post1.dev46+gdbec962	musicxml	musicxml/chor271.mscz	False	43-79 (G2-G5)	xml	soprn	63-79 (D#4-G5)	alto	59-72 (B3-C5)	tenor	54-64 (F#3-E4)	bass	43-60 (G2-C4)
chor272	1: 4/4	1: 0	17	17	64.0	17	17	64.0	256.0	279	95	0	0	0										2023-09-21	Linux			4.1.1	2.2.2.post1.dev46+gdbec962	musicxml	musicxml/chor272.mscz	False	41-77 (F2-F5)	xml	soprn	65-77 (F4-F5)	alto	60-70 (C4-Bb4)	tenor	51-65 (Eb3-F4)	bass	41-58 (F2-Bb3)
chor273	1: 4/4	1: 0	14	14	48.0	19	19	64.0	192.0	247	84	0	0	0										2023-09-21	Linux			4.1.1	2.2.2.post1.dev46+gdbec962	musicxml	musicxml/chor273.mscz	False	43-74 (G2-D5)	xml	soprn	62-74 (D4-D5)	alto	57-70 (A3-Bb4)	tenor	52-69 (E3-A4)	bass	43-62 (G2-D4)
chor274	1: 4/4	1: 0	13	13	52.0	21	21	84.0	208.0	208	76	0	0	0										2023-09-21	Linux			4.1.1	2.2.2.post1.dev46+gdbec962	musicxml	musicxml/chor274.mscz	False	41-77 (F2-F5)	xml	soprn	65-77 (F4-F5)	alto	60-70 (C4-Bb4)	tenor	57-67 (A3-G4)	bass	41-62 (F2-D4)
chor275	1: 4/4	1: 0	13	13	49.0	13	13	49.0	196.0	199	70	0	0	0										2023-09-21	Linux			4.1.1	2.2.2.post1.dev46+gdbec962	musicxml	musicxml/chor275.mscz	False	45-76 (A2-E5)	xml	soprn	64-76 (E4-E5)	alto	61-69 (C#4-A4)	tenor	50-66 (D3-F#4)	bass	45-59 (A2-B3)
chor276	1: 4/4	1: 0	11	11	40.0	11	11	40.0	160.0	188	64	0	0	0										2023-09-21	Linux			4.1.1	2.2.2.post1.dev46+gdbec962	musicxml	musicxml/chor276.mscz	False	43-76 (G2-E5)	xml	soprn	67-76 (G4-E5)	alto	62-71 (D4-B4)	tenor	55-69 (G3-A4)	bass	43-64 (G2-E4)
chor277	1: 4/4	1: 0	21	21	76.0	28	28	100.0	304.0	405	142	0	0	0										2023-09-21	Linux			4.1.1	2.2.2.post1.dev46+gdbec962	musicxml	musicxml/chor277.mscz	False	43-77 (G2-F5)	xml	soprn	64-77 (E4-F5)	alto	60-72 (C4-C5)	tenor	52-65 (E3-F4)	bass	43-60 (G2-C4)
chor278	1: 4/4	1: 0	15	15	56.0	22	22	81.0	224.0	219	73	0	0	0										2023-09-21	Linux			4.1.1	2.2.2.post1.dev46+gdbec962	musicxml	musicxml/chor278.mscz	False	40-76 (E2-E5)	xml	soprn	64-76 (E4-E5)	alto	59-69 (B3-A4)	tenor	52-66 (E3-F#4)	bass	40-59 (E2-B3)
chor279	1: 4/4	1: 0	11	11	40.0	11	11	40.0	160.0	156	55	0	0	0										2023-09-21	Linux			4.1.1	2.2.2.post1.dev46+gdbec962	musicxml	musicxml/chor279.mscz	False	41-74 (F2-D5)	xml	soprn	65-74 (F4-D5)	alto	60-70 (C4-Bb4)	tenor	53-67 (F3-G4)	bass	41-62 (F2-D4)
chor280	1: 4/4, 9: 3/4	1: 0	25	25	81.0	25	25	81.0	322.0	379	132	0	0	0										2023-09-21	Linux			4.1.1	2.2.2.post1.dev46+gdbec962	musicxml	musicxml/chor280.mscz	False	43-74 (G2-D5)	xml	soprn	62-74 (D4-D5)	alto	57-69 (A3-A4)	tenor	50-66 (D3-F#4)	bass	43-59 (G2-B3)
chor281	1: 4/4	1: 0	13	13	48.0	13	13	48.0	192.0	193	61	0	0	0										2023-09-21	Linux			4.1.1	2.2.2.post1.dev46+gdbec962	musicxml	musicxml/chor281.mscz	False	42-77 (F#2-F5)	xml	soprn	67-77 (G4-F5)	alto	62-72 (D4-C5)	tenor	55-69 (G3-A4)	bass	42-58 (F#2-Bb3)
chor282	1: 4/4	1: 0	13	13	52.0	17	17	68.0	208.0	216	77	0	0	0										2023-09-21	Linux			4.1.1	2.2.2.post1.dev46+gdbec962	musicxml	musicxml/chor282.mscz	False	43-81 (G2-A5)	xml	soprn	67-81 (G4-A5)	alto	62-72 (D4-C5)	tenor	52-67 (E3-G4)	bass	43-60 (G2-C4)
chor283	1: 4/4	1: 0	13	13	52.0	19	19	76.0	197.0	283	114	0	0	0										2023-09-21	Linux			4.1.1	2.2.2.post1.dev46+gdbec962	musicxml	musicxml/chor283.mscz	False	43-79 (G2-G5)	xml	soprn	64-79 (E4-G5)	alto	59-72 (B3-C5)	tenor	52-67 (E3-G4)	bass	43-60 (G2-C4)
chor284	1: 4/4	1: 0	13	13	48.0	13	13	48.0	192.0	242	79	0	0	0										2023-09-21	Linux			4.1.1	2.2.2.post1.dev46+gdbec962	musicxml	musicxml/chor284.mscz	False	43-77 (G2-F5)	xml	soprn	67-77 (G4-F5)	alto	60-70 (C4-Bb4)	tenor	52-65 (E3-F4)	bass	43-60 (G2-C4)
chor285	1: 4/4	1: 0	12	12	40.0	17	17	56.0	160.0	202	67	0	0	0										2023-09-21	Linux			4.1.1	2.2.2.post1.dev46+gdbec962	musicxml	musicxml/chor285.mscz	False	45-76 (A2-E5)	xml	soprn	67-76 (G4-E5)	alto	60-71 (C4-B4)	tenor	52-64 (E3-E4)	bass	45-64 (A2-E4)
chor286	1: 4/4	1: 0	14	14	48.0	19	19	64.0	192.0	206	76	0	0	0										2023-09-21	Linux			4.1.1	2.2.2.post1.dev46+gdbec962	musicxml	musicxml/chor286.mscz	False	45-76 (A2-E5)	xml	soprn	64-76 (E4-E5)	alto	59-69 (B3-A4)	tenor	54-64 (F#3-E4)	bass	45-61 (A2-C#4)
chor287	1: 4/4	1: 0	10	10	40.0	15	15	60.0	160.0	149	52	0	0	0										2023-09-21	Linux			4.1.1	2.2.2.post1.dev46+gdbec962	musicxml	musicxml/chor287.mscz	False	45-79 (A2-G5)	xml	soprn	64-79 (E4-G5)	alto	62-69 (D4-A4)	tenor	55-64 (G3-E4)	bass	45-60 (A2-C4)
chor288	1: 4/4	1: 0	11	11	40.0	11	11	40.0	160.0	188	68	0	0	0										2023-09-21	Linux			4.1.1	2.2.2.post1.dev46+gdbec962	musicxml	musicxml/chor288.mscz	False	45-78 (A2-F#5)	xml	soprn	64-78 (E4-F#5)	alto	59-71 (B3-B4)	tenor	54-66 (F#3-F#4)	bass	45-57 (A2-A3)
chor289	1: 4/4	1: 0	13	13	48.0	13	13	48.0	188.0	213	74	0	0	0										2023-09-21	Linux			4.1.1	2.2.2.post1.dev46+gdbec962	musicxml	musicxml/chor289.mscz	False	41-77 (F2-F5)	xml	soprn	65-77 (F4-F5)	alto	60-72 (C4-C5)	tenor	55-67 (G3-G4)	bass	41-60 (F2-C4)
chor290	1: 4/4	1: 0	12	12	40.0	17	17	56.0	160.0	214	73	0	0	0										2023-09-21	Linux			4.1.1	2.2.2.post1.dev46+gdbec962	musicxml	musicxml/chor290.mscz	False	44-76 (G#2-E5)	xml	soprn	61-76 (C#4-E5)	alto	59-71 (B3-B4)	tenor	54-68 (F#3-G#4)	bass	44-61 (G#2-C#4)
chor291	1: 4/4	1: 0	17	17	64.0	17	17	64.0	256.0	239	77	0	0	0										2023-09-21	Linux			4.1.1	2.2.2.post1.dev46+gdbec962	musicxml	musicxml/chor291.mscz	False	43-76 (G2-E5)	xml	soprn	62-76 (D4-E5)	alto	57-69 (A3-A4)	tenor	54-66 (F#3-F#4)	bass	43-62 (G2-D4)
chor292	1: 4/4	1: 0	13	13	48.0	13	13	48.0	192.0	207	62	0	0	0										2023-09-21	Linux			4.1.1	2.2.2.post1.dev46+gdbec962	musicxml	musicxml/chor292.mscz	False	41-77 (F2-F5)	xml	soprn	62-77 (D4-F5)	alto	57-69 (A3-A4)	tenor	50-65 (D3-F4)	bass	41-58 (F2-Bb3)
chor293	1: 4/4	1: 0	12	12	40.0	17	17	56.0	160.0	170	57	0	0	0										2023-09-21	Linux			4.1.1	2.2.2.post1.dev46+gdbec962	musicxml	musicxml/chor293.mscz	False	38-76 (D2-E5)	xml	soprn	62-76 (D4-E5)	alto	55-69 (G3-A4)	tenor	49-62 (C#3-D4)	bass	38-55 (D2-G3)
chor294	1: 4/4	1: 0	13	13	44.0	18	18	60.0	176.0	209	74	0	0	0										2023-09-21	Linux			4.1.1	2.2.2.post1.dev46+gdbec962	musicxml	musicxml/chor294.mscz	False	42-78 (F#2-F#5)	xml	soprn	66-78 (F#4-F#5)	alto	61-73 (C#4-C#5)	tenor	52-67 (E3-G4)	bass	42-59 (F#2-B3)
chor295	1: 4/4	1: 0	9	9	32.0	9	9	32.0	128.0	156	50	0	0	0										2023-09-21	Linux			4.1.1	2.2.2.post1.dev46+gdbec962	musicxml	musicxml/chor295.mscz	False	45-78 (A2-F#5)	xml	soprn	64-78 (E4-F#5)	alto	59-73 (B3-C#5)	tenor	54-67 (F#3-G4)	bass	45-61 (A2-C#4)
chor296	1: 3/4	1: 0	38	38	108.0	47	47	132.0	432.0	350	113	0	0	0										2023-09-21	Linux			4.1.1	2.2.2.post1.dev46+gdbec962	musicxml	musicxml/chor296.mscz	False	43-79 (G2-G5)	xml	soprn	67-79 (G4-G5)	alto	59-71 (B3-B4)	tenor	54-67 (F#3-G4)	bass	43-60 (G2-C4)
chor297	1: 4/4	1: 0	16	16	64.0	16	16	64.0	256.0	282	94	0	0	0										2023-09-21	Linux			4.1.1	2.2.2.post1.dev46+gdbec962	musicxml	musicxml/chor297.mscz	False	43-75 (G2-Eb5)	xml	soprn	65-75 (F4-Eb5)	alto	60-70 (C4-Bb4)	tenor	54-67 (F#3-G4)	bass	43-58 (G2-Bb3)
chor298	1: 3/4	1: 0	27	27	81.0	36	36	108.0	324.0	209	64	0	0	0										2023-09-21	Linux			4.1.1	2.2.2.post1.dev46+gdbec962	musicxml	musicxml/chor298.mscz	False	43-81 (G2-A5)	xml	soprn	67-81 (G4-A5)	alto	60-72 (C4-C5)	tenor	55-65 (G3-F4)	bass	43-60 (G2-C4)
chor299	1: 4/4	1: 0	13	13	52.0	13	13	52.0	208.0	259	92	0	0	0										2023-09-21	Linux			4.1.1	2.2.2.post1.dev46+gdbec962	musicxml	musicxml/chor299.mscz	False	39-77 (Eb2-F5)	xml	soprn	63-77 (Eb4-F5)	alto	58-70 (Bb3-Bb4)	tenor	51-65 (Eb3-F4)	bass	39-63 (Eb2-Eb4)
chor300	1: 4/4	1: 0	11	11	40.0	11	11	40.0	160.0	179	60	0	0	0										2023-09-21	Linux			4.1.1	2.2.2.post1.dev46+gdbec962	musicxml	musicxml/chor300.mscz	False	45-76 (A2-E5)	xml	soprn	69-76 (A4-E5)	alto	59-72 (B3-C5)	tenor	56-67 (G#3-G4)	bass	45-60 (A2-C4)
chor301	1: 4/4	1: 0	12	12	40.0	17	17	56.0	160.0	209	71	0	0	0										2023-09-21	Linux			4.1.1	2.2.2.post1.dev46+gdbec962	musicxml	musicxml/chor301.mscz	False	41-74 (F2-D5)	xml	soprn	65-74 (F4-D5)	alto	58-72 (Bb3-C5)	tenor	53-66 (F3-F#4)	bass	41-62 (F2-D4)
chor302	1: 3/4	1: 0	23	23	63.0	32	32	87.0	252.0	230	101	0	0	0										2023-09-21	Linux			4.1.1	2.2.2.post1.dev46+gdbec962	musicxml	musicxml/chor302.mscz	False	38-74 (D2-D5)	xml	soprn	62-74 (D4-D5)	alto	57-70 (A3-Bb4)	tenor	53-65 (F3-F4)	bass	38-58 (D2-Bb3)
chor303	1: 4/4	1: 0	12	12	40.0	17	17	56.0	160.0	156	49	0	0	0										2023-09-21	Linux			4.1.1	2.2.2.post1.dev46+gdbec962	musicxml	musicxml/chor303.mscz	False	41-72 (F2-C5)	xml	soprn	62-72 (D4-C5)	alto	60-67 (C4-G4)	tenor	52-62 (E3-D4)	bass	41-57 (F2-A3)
chor304	1: 4/4	1: 0	13	13	48.0	13	13	48.0	192.0	198	66	0	0	0										2023-09-21	Linux			4.1.1	2.2.2.post1.dev46+gdbec962	musicxml	musicxml/chor304.mscz	False	43-77 (G2-F5)	xml	soprn	67-77 (G4-F5)	alto	60-70 (C4-Bb4)	tenor	53-67 (F3-G4)	bass	43-60 (G2-C4)
chor305	1: 4/4	1: 0	15	15	56.0	22	22	81.0	224.0	236	83	0	0	0										2023-09-21	Linux			4.1.1	2.2.2.post1.dev46+gdbec962	musicxml	musicxml/chor305.mscz	False	38-74 (D2-D5)	xml	soprn	62-74 (D4-D5)	alto	57-69 (A3-A4)	tenor	50-66 (D3-F#4)	bass	38-59 (D2-B3)
chor306	1: 4/4	1: 0	20	20	72.0	27	27	96.0	288.0	341	128	0	0	0										2023-09-21	Linux			4.1.1	2.2.2.post1.dev46+gdbec962	musicxml	musicxml/chor306.mscz	False	39-75 (Eb2-Eb5)	xml	soprn	63-75 (Eb4-Eb5)	alto	58-70 (Bb3-Bb4)	tenor	50-65 (D3-F4)	bass	39-58 (Eb2-Bb3)
chor307	1: 4/4	1: 0	17	17	68.0	17	17	68.0	272.0	311	119	0	0	0										2023-09-21	Linux			4.1.1	2.2.2.post1.dev46+gdbec962	musicxml	musicxml/chor307.mscz	False	37-76 (C#2-E5)	xml	soprn	60-76 (C4-E5)	alto	55-71 (G3-B4)	tenor	50-65 (D3-F4)	bass	37-60 (C#2-C4)
chor308	1: 4/4	1: 0	9	9	32.0	9	9	32.0	128.0	166	56	0	0	0										2023-09-21	Linux			4.1.1	2.2.2.post1.dev46+gdbec962	musicxml	musicxml/chor308.mscz	False	45-74 (A2-D5)	xml	soprn	64-74 (E4-D5)	alto	57-71 (A3-B4)	tenor	52-69 (E3-A4)	bass	45-59 (A2-B3)
chor309	1: 4/4	1: 0	19	19	68.0	24	24	84.0	272.0	332	123	0	0	0										2023-09-21	Linux			4.1.1	2.2.2.post1.dev46+gdbec962	musicxml	musicxml/chor309.mscz	False	41-77 (F2-F5)	xml	soprn	63-77 (Eb4-F5)	alto	55-72 (G3-C5)	tenor	53-65 (F3-F4)	bass	41-61 (F2-Db4)
chor310	1: 4/4	1: 0	10	10	32.0	15	15	48.0	128.0	152	51	0	0	0										2023-09-21	Linux			4.1.1	2.2.2.post1.dev46+gdbec962	musicxml	musicxml/chor310.mscz	False	40-76 (E2-E5)	xml	soprn	64-76 (E4-E5)	alto	57-73 (A3-C#5)	tenor	52-68 (E3-G#4)	bass	40-59 (E2-B3)
chor311	1: 4/4	1: 0	14	14	48.0	19	19	64.0	192.0	202	75	0	0	0										2023-09-21	Linux			4.1.1	2.2.2.post1.dev46+gdbec962	musicxml	musicxml/chor311.mscz	False	45-74 (A2-D5)	xml	soprn	65-74 (F4-D5)	alto	60-70 (C4-Bb4)	tenor	53-65 (F3-F4)	bass	45-62 (A2-D4)
chor312	1: 4/4	1: 0	17	17	64.0	17	17	64.0	236.0	259	88	0	0	0										2023-09-21	Linux			4.1.1	2.2.2.post1.dev46+gdbec962	musicxml	musicxml/chor312.mscz	False	40-76 (E2-E5)	xml	soprn	62-76 (D4-E5)	alto	57-71 (A3-B4)	tenor	52-64 (E3-E4)	bass	40-59 (E2-B3)
chor313	1: 4/4	1: 0	12	12	40.0	17	17	56.0	160.0	209	68	0	0	0										2023-09-21	Linux			4.1.1	2.2.2.post1.dev46+gdbec962	musicxml	musicxml/chor313.mscz	False	43-74 (G2-D5)	xml	soprn	67-74 (G4-D5)	alto	60-69 (C4-A4)	tenor	52-64 (E3-E4)	bass	43-55 (G2-G3)
chor314	1: 4/4	1: 0	13	13	48.0	13	13	48.0	192.0	218	75	0	0	0										2023-09-21	Linux			4.1.1	2.2.2.post1.dev46+gdbec962	musicxml	musicxml/chor314.mscz	False	39-76 (D#2-E5)	xml	soprn	66-76 (F#4-E5)	alto	59-68 (B3-G#4)	tenor	52-64 (E3-E4)	bass	39-59 (D#2-B3)
chor315	1: 4/4	1: 0	14	14	48.0	19	19	64.0	192.0	196	72	0	0	0										2023-09-21	Linux			4.1.1	2.2.2.post1.dev46+gdbec962	musicxml	musicxml/chor315.mscz	False	43-78 (G2-F#5)	xml	soprn	67-78 (G4-F#5)	alto	61-71 (C#4-B4)	tenor	54-67 (F#3-G4)	bass	43-62 (G2-D4)
chor316	1: 3/4	1: 0	20	20	57.0	20	20	57.0	202.0	149	58	0	0	0										2023-09-21	Linux			4.1.1	2.2.2.post1.dev46+gdbec962	musicxml	musicxml/chor316.mscz	False	43-79 (G2-G5)	xml	soprn	66-79 (F#4-G5)	alto	62-71 (D4-B4)	tenor	54-64 (F#3-E4)	bass	43-62 (G2-D4)
chor317	1: 4/4	1: 0	14	14	48.0	20	20	68.0	192.0	200	66	0	0	0										2023-09-21	Linux			4.1.1	2.2.2.post1.dev46+gdbec962	musicxml	musicxml/chor317.mscz	False	43-79 (G2-G5)	xml	soprn	67-79 (G4-G5)	alto	60-71 (C4-B4)	tenor	55-67 (G3-G4)	bass	43-62 (G2-D4)
chor318	1: 4/4	1: 0	13	13	52.0	18	18	72.0	188.0	202	74	0	0	0										2023-09-21	Linux			4.1.1	2.2.2.post1.dev46+gdbec962	musicxml	musicxml/chor318.mscz	False	40-76 (E2-E5)	xml	soprn	64-76 (E4-E5)	alto	61-71 (C#4-B4)	tenor	50-66 (D3-F#4)	bass	40-57 (E2-A3)
chor319	1: 4/4	1: 0	17	17	68.0	17	17	68.0	264.0	285	111	0	0	0										2023-09-21	Linux			4.1.1	2.2.2.post1.dev46+gdbec962	musicxml	musicxml/chor319.mscz	False	36-77 (C2-F5)	xml	soprn	65-77 (F4-F5)	alto	60-69 (C4-A4)	tenor	53-65 (F3-F4)	bass	36-60 (C2-C4)
chor320	1: 4/4	1: 0	11	11	44.0	11	11	44.0	176.0	99	34	0	0	0										2023-09-21	Linux			4.1.1	2.2.2.post1.dev46+gdbec962	musicxml	musicxml/chor320.mscz	False	42-76 (F#2-E5)	xml	soprn	66-76 (F#4-E5)	alto	61-69 (C#4-A4)	tenor	56-66 (G#3-F#4)	bass	42-57 (F#2-A3)
chor321	1: 4/4	1: 0	12	12	44.0	12	12	44.0	176.0	204	68	0	0	0										2023-09-21	Linux			4.1.1	2.2.2.post1.dev46+gdbec962	musicxml	musicxml/chor321.mscz	False	42-74 (F#2-D5)	xml	soprn	67-74 (G4-D5)	alto	62-72 (D4-C5)	tenor	53-67 (F3-G4)	bass	42-58 (F#2-Bb3)
chor322	1: 4/4	1: 0	16	16	60.0	16	16	60.0	240.0	274	92	0	0	0										2023-09-21	Linux			4.1.1	2.2.2.post1.dev46+gdbec962	musicxml	musicxml/chor322.mscz	False	38-74 (D2-D5)	xml	soprn	62-74 (D4-D5)	alto	57-71 (A3-B4)	tenor	54-66 (F#3-F#4)	bass	38-59 (D2-B3)
chor323	1: 4/4	1: 0	16	16	56.0	23	23	80.0	220.0	250	86	0	0	0										2023-09-21	Linux			4.1.1	2.2.2.post1.dev46+gdbec962	musicxml	musicxml/chor323.mscz	False	38-77 (D2-F5)	xml	soprn	65-77 (F4-F5)	alto	60-69 (C4-A4)	tenor	53-64 (F3-E4)	bass	38-60 (D2-C4)
chor324	1: 4/4	1: 0	13	13	52.0	19	19	76.0	208.0	195	64	0	0	0										2023-09-21	Linux			4.1.1	2.2.2.post1.dev46+gdbec962	musicxml	musicxml/chor324.mscz	False	40-79 (E2-G5)	xml	soprn	64-79 (E4-G5)	alto	59-72 (B3-C5)	tenor	54-66 (F#3-F#4)	bass	40-60 (E2-C4)
chor325	1: 4/4	1: 0	13	13	48.0	13	13	48.0	192.0	202	63	0	0	0										2023-09-21	Linux			4.1.1	2.2.2.post1.dev46+gdbec962	musicxml	musicxml/chor325.mscz	False	43-74 (G2-D5)	xml	soprn	60-74 (C4-D5)	alto	57-68 (A3-G#4)	tenor	52-64 (E3-E4)	bass	43-60 (G2-C4)
chor326	1: 4/4	1: 0	12	12	40.0	17	17	56.0	160.0	201	68	0	0	0										2023-09-21	Linux			4.1.1	2.2.2.post1.dev46+gdbec962	musicxml	musicxml/chor326.mscz	False	45-76 (A2-E5)	xml	soprn	66-76 (F#4-E5)	alto	61-69 (C#4-A4)	tenor	54-66 (F#3-F#4)	bass	45-59 (A2-B3)
chor327	1: 4/4	1: 0	22	22	72.0	39	39	128.0	288.0	249	69	0	0	0										2023-09-21	Linux			4.1.1	2.2.2.post1.dev46+gdbec962	musicxml	musicxml/chor327.mscz	False	38-79 (D2-G5)	xml	soprn	73-79 (C#5-G5)	alto	63-71 (D#4-B4)	tenor	55-67 (G3-G4)	bass	38-62 (D2-D4)
chor328	1: 4/4	1: 0	10	10	40.0	15	15	60.0	160.0	155	60	0	0	0										2023-09-21	Linux			4.1.1	2.2.2.post1.dev46+gdbec962	musicxml	musicxml/chor328.mscz	False	36-74 (C2-D5)	xml	soprn	62-74 (D4-D5)	alto	57-67 (A3-G4)	tenor	52-64 (E3-E4)	bass	36-59 (C2-B3)
chor329	1: 4/4	1: 0	12	12	40.0	17	17	56.0	160.0	227	76	0	0	0										2023-09-21	Linux			4.1.1	2.2.2.post1.dev46+gdbec962	musicxml	musicxml/chor329.mscz	False	43-79 (G2-G5)	xml	soprn	64-79 (E4-G5)	alto	59-74 (B3-D5)	tenor	55-69 (G3-A4)	bass	43-62 (G2-D4)
chor330	1: 4/4	1: 0	14	14	48.0	19	19	64.0	192.0	206	70	0	0	0										2023-09-21	Linux			4.1.1	2.2.2.post1.dev46+gdbec962	musicxml	musicxml/chor330.mscz	False	38-76 (D2-E5)	xml	soprn	67-76 (G4-E5)	alto	62-71 (D4-B4)	tenor	55-67 (G3-G4)	bass	38-59 (D2-B3)
chor331	1: 4/4	1: 0	13	13	48.0	13	13	48.0	192.0	195	69	0	0	0										2023-09-21	Linux			4.1.1	2.2.2.post1.dev46+gdbec962	musicxml	musicxml/chor331.mscz	False	42-81 (F#2-A5)	xml	soprn	71-81 (B4-A5)	alto	61-74 (C#4-D5)	tenor	54-67 (F#3-G4)	bass	42-64 (F#2-E4)
chor332	1: 4/4	1: 0	17	17	64.0	17	17	64.0	256.0	274	92	0	0	0										2023-09-21	Linux			4.1.1	2.2.2.post1.dev46+gdbec962	musicxml	musicxml/chor332.mscz	False	40-76 (E2-E5)	xml	soprn	64-76 (E4-E5)	alto	59-69 (B3-A4)	tenor	54-67 (F#3-G4)	bass	40-60 (E2-C4)
chor333	1: 4/4	1: 0	19	19	72.0	25	25	96.0	284.0	295	101	0	0	0										2023-09-21	Linux			4.1.1	2.2.2.post1.dev46+gdbec962	musicxml	musicxml/chor333.mscz	False	44-78 (G#2-F#5)	xml	soprn	62-78 (D4-F#5)	alto	59-71 (B3-B4)	tenor	52-68 (E3-G#4)	bass	44-59 (G#2-B3)
chor334	1: 3/4	1: 0	17	17	48.0	17	17	48.0	192.0	149	43	0	0	0										2023-09-21	Linux			4.1.1	2.2.2.post1.dev46+gdbec962	musicxml	musicxml/chor334.mscz	False	47-81 (B2-A5)	xml	soprn	69-81 (A4-A5)	alto	66-74 (F#4-D5)	tenor	57-67 (A3-G4)	bass	47-62 (B2-D4)
chor335	1: 4/4	1: 0	12	12	40.0	17	17	56.0	160.0	214	77	0	0	0										2023-09-21	Linux			4.1.1	2.2.2.post1.dev46+gdbec962	musicxml	musicxml/chor335.mscz	False	41-77 (F2-F5)	xml	soprn	62-77 (D4-F5)	alto	57-70 (A3-Bb4)	tenor	53-65 (F3-F4)	bass	41-55 (F2-G3)
chor336	1: 4/4	1: 0	12	12	40.0	17	17	56.0	160.0	191	62	0	0	0										2023-09-21	Linux			4.1.1	2.2.2.post1.dev46+gdbec962	musicxml	musicxml/chor336.mscz	False	45-78 (A2-F#5)	xml	soprn	69-78 (A4-F#5)	alto	62-71 (D4-B4)	tenor	54-66 (F#3-F#4)	bass	45-59 (A2-B3)
chor337	1: 4/4	1: 0	14	14	52.0	14	14	52.0	208.0	275	102	0	0	0										2023-09-21	Linux			4.1.1	2.2.2.post1.dev46+gdbec962	musicxml	musicxml/chor337.mscz	False	36-75 (C2-Eb5)	xml	soprn	65-75 (F4-Eb5)	alto	60-68 (C4-Ab4)	tenor	53-65 (F3-F4)	bass	36-60 (C2-C4)
chor338	1: 4/4	1: 0	8	8	32.0	12	12	48.0	128.0	138	50	0	0	0										2023-09-21	Linux			4.1.1	2.2.2.post1.dev46+gdbec962	musicxml	musicxml/chor338.mscz	False	43-78 (G2-F#5)	xml	soprn	62-78 (D4-F#5)	alto	57-71 (A3-B4)	tenor	54-66 (F#3-F#4)	bass	43-57 (G2-A3)
chor339	1: 4/4	1: 0	11	11	36.0	17	17	56.0	144.0	178	69	0	0	0										2023-09-21	Linux			4.1.1	2.2.2.post1.dev46+gdbec962	musicxml	musicxml/chor339.mscz	False	40-76 (E2-E5)	xml	soprn	64-76 (E4-E5)	alto	59-72 (B3-C5)	tenor	52-65 (E3-F4)	bass	40-57 (E2-A3)
chor340	1: 4/4	1: 0	14	14	48.0	19	19	64.0	192.0	192	65	0	0	0										2023-09-21	Linux			4.1.1	2.2.2.post1.dev46+gdbec962	musicxml	musicxml/chor340.mscz	False	36-74 (C2-D5)	xml	soprn	62-74 (D4-D5)	alto	57-69 (A3-A4)	tenor	52-64 (E3-E4)	bass	36-57 (C2-A3)
chor341	1: 4/4	1: 0	18	18	68.0	18	18	68.0	272.0	304	102	0	0	0										2023-09-21	Linux			4.1.1	2.2.2.post1.dev46+gdbec962	musicxml	musicxml/chor341.mscz	False	45-76 (A2-E5)	xml	soprn	64-76 (E4-E5)	alto	59-71 (B3-B4)	tenor	52-66 (E3-F#4)	bass	45-59 (A2-B3)
chor342	1: 4/4	1: 0	11	11	40.0	11	11	40.0	160.0	182	64	0	0	0										2023-09-21	Linux			4.1.1	2.2.2.post1.dev46+gdbec962	musicxml	musicxml/chor342.mscz	False	45-78 (A2-F#5)	xml	soprn	69-78 (A4-F#5)	alto	57-73 (A3-C#5)	tenor	54-66 (F#3-F#4)	bass	45-61 (A2-C#4)
chor343	1: 3/4	1: 0	22	22	66.0	30	30	90.0	264.0	261	107	0	0	0										2023-09-21	Linux			4.1.1	2.2.2.post1.dev46+gdbec962	musicxml	musicxml/chor343.mscz	False	38-74 (D2-D5)	xml	soprn	62-74 (D4-D5)	alto	57-67 (A3-G4)	tenor	50-64 (D3-E4)	bass	38-59 (D2-B3)
chor344	1: 4/4	1: 0	9	9	32.0	9	9	32.0	128.0	178	58	0	0	0										2023-09-21	Linux			4.1.1	2.2.2.post1.dev46+gdbec962	musicxml	musicxml/chor344.mscz	False	43-79 (G2-G5)	xml	soprn	67-79 (G4-G5)	alto	62-72 (D4-C5)	tenor	55-67 (G3-G4)	bass	43-62 (G2-D4)
chor345	1: 4/4	1: 0	14	14	48.0	19	19	64.0	192.0	219	77	0	0	0										2023-09-21	Linux			4.1.1	2.2.2.post1.dev46+gdbec962	musicxml	musicxml/chor345.mscz	False	36-74 (C2-D5)	xml	soprn	62-74 (D4-D5)	alto	53-69 (F3-A4)	tenor	53-65 (F3-F4)	bass	36-57 (C2-A3)
chor346	1: 4/4	1: 0	15	15	60.0	15	15	60.0	240.0	268	104	0	0	0										2023-09-21	Linux			4.1.1	2.2.2.post1.dev46+gdbec962	musicxml	musicxml/chor346.mscz	False	40-76 (E2-E5)	xml	soprn	64-76 (E4-E5)	alto	59-71 (B3-B4)	tenor	52-67 (E3-G4)	bass	40-60 (E2-C4)
chor347	1: 4/4	1: 0	12	12	40.0	17	17	56.0	160.0	199	69	0	0	0										2023-09-21	Linux			4.1.1	2.2.2.post1.dev46+gdbec962	musicxml	musicxml/chor347.mscz	False	38-76 (D2-E5)	xml	soprn	62-76 (D4-E5)	alto	55-69 (G3-A4)	tenor	54-66 (F#3-F#4)	bass	38-55 (D2-G3)
chor348	1: 4/4	1: 0	13	13	52.0	13	13	52.0	208.0	224	88	0	0	0										2023-09-21	Linux			4.1.1	2.2.2.post1.dev46+gdbec962	musicxml	musicxml/chor348.mscz	False	41-74 (F2-D5)	xml	soprn	60-74 (C4-D5)	alto	55-69 (G3-A4)	tenor	50-64 (D3-E4)	bass	41-60 (F2-C4)
chor349	1: 4/4	1: 0	14	14	48.0	19	19	64.0	192.0	247	86	0	0	0										2023-09-21	Linux			4.1.1	2.2.2.post1.dev46+gdbec962	musicxml	musicxml/chor349.mscz	False	45-76 (A2-E5)	xml	soprn	66-76 (F#4-E5)	alto	59-71 (B3-B4)	tenor	54-66 (F#3-F#4)	bass	45-59 (A2-B3)
chor350	1: 4/4	1: 0	12	12	48.0	16	16	64.0	192.0	199	65	0	0	0										2023-09-21	Linux			4.1.1	2.2.2.post1.dev46+gdbec962	musicxml	musicxml/chor350.mscz	False	43-79 (G2-G5)	xml	soprn	70-79 (Bb4-G5)	alto	63-72 (Eb4-C5)	tenor	53-65 (F3-F4)	bass	43-60 (G2-C4)
chor351	1: 4/4	1: 0	16	16	60.0	16	16	60.0	240.0	296	110	0	0	0										2023-09-21	Linux			4.1.1	2.2.2.post1.dev46+gdbec962	musicxml	musicxml/chor351.mscz	False	42-76 (F#2-E5)	xml	soprn	64-76 (E4-E5)	alto	57-71 (A3-B4)	tenor	52-66 (E3-F#4)	bass	42-61 (F#2-C#4)
chor352	1: 4/4	1: 0	18	18	64.0	24	24	84.0	252.0	321	121	0	0	0										2023-09-21	Linux			4.1.1	2.2.2.post1.dev46+gdbec962	musicxml	musicxml/chor352.mscz	False	40-76 (E2-E5)	xml	soprn	60-76 (C4-E5)	alto	55-71 (G3-B4)	tenor	52-65 (E3-F4)	bass	40-57 (E2-A3)
chor353	1: 4/4	1: 0	12	12	40.0	17	17	56.0	160.0	212	69	0	0	0										2023-09-21	Linux			4.1.1	2.2.2.post1.dev46+gdbec962	musicxml	musicxml/chor353.mscz	False	43-74 (G2-D5)	xml	soprn	67-74 (G4-D5)	alto	60-69 (C4-A4)	tenor	52-64 (E3-E4)	bass	43-55 (G2-G3)
chor354	1: 4/4	1: 0	12	12	40.0	17	17	56.0	160.0	205	70	0	0	0										2023-09-21	Linux			4.1.1	2.2.2.post1.dev46+gdbec962	musicxml	musicxml/chor354.mscz	False	38-79 (D2-G5)	xml	soprn	64-79 (E4-G5)	alto	60-74 (C4-D5)	tenor	55-69 (G3-A4)	bass	38-62 (D2-D4)
chor355	1: 4/4	1: 0	13	13	48.0	13	13	48.0	192.0	208	64	0	0	0										2023-09-21	Linux			4.1.1	2.2.2.post1.dev46+gdbec962	musicxml	musicxml/chor355.mscz	False	46-77 (Bb2-F5)	xml	soprn	65-77 (F4-F5)	alto	58-70 (Bb3-Bb4)	tenor	55-65 (G3-F4)	bass	46-62 (Bb2-D4)
chor356	1: 4/4	1: 0	13	13	52.0	19	19	76.0	208.0	201	70	0	0	0										2023-09-21	Linux			4.1.1	2.2.2.post1.dev46+gdbec962	musicxml	musicxml/chor356.mscz	False	38-77 (D2-F5)	xml	soprn	62-77 (D4-F5)	alto	55-71 (G3-B4)	tenor	50-65 (D3-F4)	bass	38-58 (D2-Bb3)
chor357	1: 4/4	1: 0	13	13	52.0	13	13	52.0	208.0	215	81	0	0	0										2023-09-21	Linux			4.1.1	2.2.2.post1.dev46+gdbec962	musicxml	musicxml/chor357.mscz	False	43-76 (G2-E5)	xml	soprn	67-76 (G4-E5)	alto	62-69 (D4-A4)	tenor	54-67 (F#3-G4)	bass	43-57 (G2-A3)
chor358	1: 4/4	1: 0	22	22	88.0	22	22	88.0	346.0	203	68	0	0	0										2023-09-21	Linux			4.1.1	2.2.2.post1.dev46+gdbec962	musicxml	musicxml/chor358.mscz	False	43-77 (G2-F5)	xml	soprn	67-77 (G4-F5)	alto	59-72 (B3-C5)	tenor	53-67 (F3-G4)	bass	43-62 (G2-D4)
chor359	1: 4/4	1: 0	21	21	77.0	29	29	105.0	280.0	295	97	0	0	0										2023-09-21	Linux			4.1.1	2.2.2.post1.dev46+gdbec962	musicxml	musicxml/chor359.mscz	False	45-79 (A2-G5)	xml	soprn	66-79 (F#4-G5)	alto	61-74 (C#4-D5)	tenor	54-66 (F#3-F#4)	bass	45-62 (A2-D4)
chor360	1: 4/4	1: 0	12	12	44.0	12	12	44.0	176.0	238	83	0	0	0										2023-09-21	Linux			4.1.1	2.2.2.post1.dev46+gdbec962	musicxml	musicxml/chor360.mscz	False	42-73 (F#2-C#5)	xml	soprn	66-73 (F#4-C#5)	alto	61-71 (C#4-B4)	tenor	54-66 (F#3-F#4)	bass	42-61 (F#2-C#4)
chor361	1: 4/4	1: 0	14	14	48.0	19	19	64.0	192.0	241	86	0	0	0										2023-09-21	Linux			4.1.1	2.2.2.post1.dev46+gdbec962	musicxml	musicxml/chor361.mscz	False	40-79 (E2-G5)	xml	soprn	67-79 (G4-G5)	alto	62-71 (D4-B4)	tenor	52-67 (E3-G4)	bass	40-62 (E2-D4)
chor362	1: 4/4	1: 0	12	12	40.0	17	17	56.0	160.0	208	77	0	0	0										2023-09-21	Linux			4.1.1	2.2.2.post1.dev46+gdbec962	musicxml	musicxml/chor362.mscz	False	43-74 (G2-D5)	xml	soprn	62-74 (D4-D5)	alto	59-71 (B3-B4)	tenor	50-64 (D3-E4)	bass	43-62 (G2-D4)
chor363	1: 4/4	1: 0	13	13	48.0	13	13	48.0	192.0	211	71	0	0	0										2023-09-21	Linux			4.1.1	2.2.2.post1.dev46+gdbec962	musicxml	musicxml/chor363.mscz	False	45-76 (A2-E5)	xml	soprn	64-76 (E4-E5)	alto	59-73 (B3-C#5)	tenor	56-66 (G#3-F#4)	bass	45-62 (A2-D4)
chor364	1: 4/4	1: 0	14	14	48.0	19	19	64.0	192.0	238	90	0	0	0										2023-09-21	Linux			4.1.1	2.2.2.post1.dev46+gdbec962	musicxml	musicxml/chor364.mscz	False	42-78 (F#2-F#5)	xml	soprn	66-78 (F#4-F#5)	alto	61-71 (C#4-B4)	tenor	54-67 (F#3-G4)	bass	42-59 (F#2-B3)
chor365	1: 4/4	1: 0	12	12	48.0	16	16	64.0	192.0	205	72	0	0	0										2023-09-21	Linux			4.1.1	2.2.2.post1.dev46+gdbec962	musicxml	musicxml/chor365.mscz	False	45-78 (A2-F#5)	xml	soprn	69-78 (A4-F#5)	alto	64-72 (E4-C5)	tenor	57-67 (A3-G4)	bass	45-59 (A2-B3)
chor366	1: 4/4	1: 0	13	13	48.0	13	13	48.0	188.0	243	84	0	0	0										2023-09-21	Linux			4.1.1	2.2.2.post1.dev46+gdbec962	musicxml	musicxml/chor366.mscz	False	45-76 (A2-E5)	xml	soprn	64-76 (E4-E5)	alto	57-73 (A3-C#5)	tenor	52-66 (E3-F#4)	bass	45-62 (A2-D4)
chor367	1: 4/4	1: 0	14	14	48.0	19	19	64.0	192.0	201	69	0	0	0										2023-09-21	Linux			4.1.1	2.2.2.post1.dev46+gdbec962	musicxml	musicxml/chor367.mscz	False	42-76 (F#2-E5)	xml	soprn	64-76 (E4-E5)	alto	57-69 (A3-A4)	tenor	54-66 (F#3-F#4)	bass	42-59 (F#2-B3)
chor368	1: 3/4	1: 0	19	19	57.0	28	28	84.0	228.0	193	72	0	0	0										2023-09-21	Linux			4.1.1	2.2.2.post1.dev46+gdbec962	musicxml	musicxml/chor368.mscz	False	41-79 (F2-G5)	xml	soprn	65-79 (F4-G5)	alto	58-70 (Bb3-Bb4)	tenor	53-65 (F3-F4)	bass	41-58 (F2-Bb3)
chor369	1: 4/4	1: 0	12	12	48.0	16	16	64.0	192.0	235	82	0	0	0										2023-09-21	Linux			4.1.1	2.2.2.post1.dev46+gdbec962	musicxml	musicxml/chor369.mscz	False	44-78 (Ab2-Gb5)	xml	soprn	68-78 (Ab4-Gb5)	alto	60-73 (C4-Db5)	tenor	53-66 (F3-Gb4)	bass	44-61 (Ab2-Db4)
chor370	1: 4/4	1: 0	14	14	52.0	14	14	52.0	208.0	256	85	0	0	0										2023-09-21	Linux			4.1.1	2.2.2.post1.dev46+gdbec962	musicxml	musicxml/chor370.mscz	False	43-76 (G2-E5)	xml	soprn	67-76 (G4-E5)	alto	61-71 (C#4-B4)	tenor	52-65 (E3-F4)	bass	43-60 (G2-C4)
chor371	1: 4/4	1: 0	14	14	48.0	19	19	64.0	188.0	248	88	0	0	0										2023-09-21	Linux			4.1.1	2.2.2.post1.dev46+gdbec962	musicxml	musicxml/chor371.mscz	False	43-78 (G2-F#5)	xml	soprn	64-78 (E4-F#5)	alto	59-73 (B3-C#5)	tenor	52-69 (E3-A4)	bass	43-61 (G2-C#4)
